TIMESTAMP,TA_F_MDS,TA_F_MDS_QC,TA_F_MDS_NIGHT,TA_F_MDS_NIGHT_SD,TA_F_MDS_NIGHT_QC,TA_F_MDS_DAY,TA_F_MDS_DAY_SD,TA_F_MDS_DAY_QC,TA_ERA,TA_ERA_NIGHT,TA_ERA_NIGHT_SD,TA_ERA_DAY,TA_ERA_DAY_SD,TA_F,TA_F_QC,TA_F_NIGHT,TA_F_NIGHT_SD,TA_F_NIGHT_QC,TA_F_DAY,TA_F_DAY_SD,TA_F_DAY_QC,SW_IN_F_MDS,SW_IN_F_MDS_QC,SW_IN_ERA,SW_IN_F,SW_IN_F_QC,LW_IN_F_MDS,LW_IN_F_MDS_QC,LW_IN_ERA,LW_IN_F,LW_IN_F_QC,LW_IN_JSB,LW_IN_JSB_QC,LW_IN_JSB_ERA,LW_IN_JSB_F,LW_IN_JSB_F_QC,VPD_F_MDS,VPD_F_MDS_QC,VPD_ERA,VPD_F,VPD_F_QC,PA_ERA,PA_F,PA_F_QC,P_ERA,P_F,P_F_QC,WS_ERA,WS_F,WS_F_QC,USTAR,USTAR_QC,NETRAD,NETRAD_QC,PPFD_IN,PPFD_IN_QC,PPFD_DIF,PPFD_DIF_QC,SW_OUT,SW_OUT_QC,LW_OUT,LW_OUT_QC,CO2_F_MDS,CO2_F_MDS_QC,TS_F_MDS_1,TS_F_MDS_2,TS_F_MDS_3,TS_F_MDS_4,TS_F_MDS_5,TS_F_MDS_6,TS_F_MDS_7,TS_F_MDS_8,TS_F_MDS_9,TS_F_MDS_10,TS_F_MDS_1_QC,TS_F_MDS_2_QC,TS_F_MDS_3_QC,TS_F_MDS_4_QC,TS_F_MDS_5_QC,TS_F_MDS_6_QC,TS_F_MDS_7_QC,TS_F_MDS_8_QC,TS_F_MDS_9_QC,TS_F_MDS_10_QC,SWC_F_MDS_1,SWC_F_MDS_2,SWC_F_MDS_3,SWC_F_MDS_4,SWC_F_MDS_5,SWC_F_MDS_6,SWC_F_MDS_7,SWC_F_MDS_8,SWC_F_MDS_9,SWC_F_MDS_10,SWC_F_MDS_1_QC,SWC_F_MDS_2_QC,SWC_F_MDS_3_QC,SWC_F_MDS_4_QC,SWC_F_MDS_5_QC,SWC_F_MDS_6_QC,SWC_F_MDS_7_QC,SWC_F_MDS_8_QC,SWC_F_MDS_9_QC,SWC_F_MDS_10_QC,G_F_MDS,G_F_MDS_QC,LE_F_MDS,LE_F_MDS_QC,LE_CORR,LE_RANDUNC,H_F_MDS,H_F_MDS_QC,H_CORR,H_RANDUNC,EBC_CF_N,EBC_CF_METHOD,NIGHT_RANDUNC_N,DAY_RANDUNC_N,NEE_CUT_REF,NEE_VUT_REF,NEE_CUT_REF_QC,NEE_VUT_REF_QC,NEE_CUT_REF_RANDUNC,NEE_VUT_REF_RANDUNC,NEE_CUT_REF_JOINTUNC,NEE_VUT_REF_JOINTUNC,NEE_CUT_USTAR50,NEE_VUT_USTAR50,NEE_CUT_USTAR50_QC,NEE_VUT_USTAR50_QC,NEE_CUT_USTAR50_RANDUNC,NEE_VUT_USTAR50_RANDUNC,NEE_CUT_USTAR50_JOINTUNC,NEE_VUT_USTAR50_JOINTUNC,NEE_CUT_MEAN,NEE_VUT_MEAN,NEE_CUT_MEAN_QC,NEE_VUT_MEAN_QC,NEE_CUT_SE,NEE_VUT_SE,NEE_CUT_05,NEE_CUT_16,NEE_CUT_25,NEE_CUT_50,NEE_CUT_75,NEE_CUT_84,NEE_CUT_95,NEE_VUT_05,NEE_VUT_16,NEE_VUT_25,NEE_VUT_50,NEE_VUT_75,NEE_VUT_84,NEE_VUT_95,NEE_CUT_05_QC,NEE_CUT_16_QC,NEE_CUT_25_QC,NEE_CUT_50_QC,NEE_CUT_75_QC,NEE_CUT_84_QC,NEE_CUT_95_QC,NEE_VUT_05_QC,NEE_VUT_16_QC,NEE_VUT_25_QC,NEE_VUT_50_QC,NEE_VUT_75_QC,NEE_VUT_84_QC,NEE_VUT_95_QC,NEE_CUT_REF_NIGHT,NEE_VUT_REF_NIGHT,NEE_CUT_REF_NIGHT_SD,NEE_VUT_REF_NIGHT_SD,NEE_CUT_REF_NIGHT_QC,NEE_VUT_REF_NIGHT_QC,NEE_CUT_REF_NIGHT_RANDUNC,NEE_VUT_REF_NIGHT_RANDUNC,NEE_CUT_REF_NIGHT_JOINTUNC,NEE_VUT_REF_NIGHT_JOINTUNC,NEE_CUT_REF_DAY,NEE_VUT_REF_DAY,NEE_CUT_REF_DAY_SD,NEE_VUT_REF_DAY_SD,NEE_CUT_REF_DAY_QC,NEE_VUT_REF_DAY_QC,NEE_CUT_REF_DAY_RANDUNC,NEE_VUT_REF_DAY_RANDUNC,NEE_CUT_REF_DAY_JOINTUNC,NEE_VUT_REF_DAY_JOINTUNC,NEE_CUT_USTAR50_NIGHT,NEE_VUT_USTAR50_NIGHT,NEE_CUT_USTAR50_NIGHT_SD,NEE_VUT_USTAR50_NIGHT_SD,NEE_CUT_USTAR50_NIGHT_QC,NEE_VUT_USTAR50_NIGHT_QC,NEE_CUT_USTAR50_NIGHT_RANDUNC,NEE_VUT_USTAR50_NIGHT_RANDUNC,NEE_CUT_USTAR50_NIGHT_JOINTUNC,NEE_VUT_USTAR50_NIGHT_JOINTUNC,NEE_CUT_USTAR50_DAY,NEE_VUT_USTAR50_DAY,NEE_CUT_USTAR50_DAY_SD,NEE_VUT_USTAR50_DAY_SD,NEE_CUT_USTAR50_DAY_QC,NEE_VUT_USTAR50_DAY_QC,NEE_CUT_USTAR50_DAY_RANDUNC,NEE_VUT_USTAR50_DAY_RANDUNC,NEE_CUT_USTAR50_DAY_JOINTUNC,NEE_VUT_USTAR50_DAY_JOINTUNC,NEE_CUT_05_NIGHT,NEE_CUT_16_NIGHT,NEE_CUT_25_NIGHT,NEE_CUT_50_NIGHT,NEE_CUT_75_NIGHT,NEE_CUT_84_NIGHT,NEE_CUT_95_NIGHT,NEE_VUT_05_NIGHT,NEE_VUT_16_NIGHT,NEE_VUT_25_NIGHT,NEE_VUT_50_NIGHT,NEE_VUT_75_NIGHT,NEE_VUT_84_NIGHT,NEE_VUT_95_NIGHT,NEE_CUT_05_NIGHT_QC,NEE_CUT_16_NIGHT_QC,NEE_CUT_25_NIGHT_QC,NEE_CUT_50_NIGHT_QC,NEE_CUT_75_NIGHT_QC,NEE_CUT_84_NIGHT_QC,NEE_CUT_95_NIGHT_QC,NEE_VUT_05_NIGHT_QC,NEE_VUT_16_NIGHT_QC,NEE_VUT_25_NIGHT_QC,NEE_VUT_50_NIGHT_QC,NEE_VUT_75_NIGHT_QC,NEE_VUT_84_NIGHT_QC,NEE_VUT_95_NIGHT_QC,NEE_CUT_05_DAY,NEE_CUT_16_DAY,NEE_CUT_25_DAY,NEE_CUT_50_DAY,NEE_CUT_75_DAY,NEE_CUT_84_DAY,NEE_CUT_95_DAY,NEE_VUT_05_DAY,NEE_VUT_16_DAY,NEE_VUT_25_DAY,NEE_VUT_50_DAY,NEE_VUT_75_DAY,NEE_VUT_84_DAY,NEE_VUT_95_DAY,NEE_CUT_05_DAY_QC,NEE_CUT_16_DAY_QC,NEE_CUT_25_DAY_QC,NEE_CUT_50_DAY_QC,NEE_CUT_75_DAY_QC,NEE_CUT_84_DAY_QC,NEE_CUT_95_DAY_QC,NEE_VUT_05_DAY_QC,NEE_VUT_16_DAY_QC,NEE_VUT_25_DAY_QC,NEE_VUT_50_DAY_QC,NEE_VUT_75_DAY_QC,NEE_VUT_84_DAY_QC,NEE_VUT_95_DAY_QC,RECO_NT_VUT_REF,RECO_NT_VUT_USTAR50,RECO_NT_VUT_MEAN,RECO_NT_VUT_SE,RECO_NT_VUT_05,RECO_NT_VUT_16,RECO_NT_VUT_25,RECO_NT_VUT_50,RECO_NT_VUT_75,RECO_NT_VUT_84,RECO_NT_VUT_95,RECO_NT_CUT_REF,RECO_NT_CUT_USTAR50,RECO_NT_CUT_MEAN,RECO_NT_CUT_SE,RECO_NT_CUT_05,RECO_NT_CUT_16,RECO_NT_CUT_25,RECO_NT_CUT_50,RECO_NT_CUT_75,RECO_NT_CUT_84,RECO_NT_CUT_95,GPP_NT_VUT_REF,GPP_NT_VUT_USTAR50,GPP_NT_VUT_MEAN,GPP_NT_VUT_SE,GPP_NT_VUT_05,GPP_NT_VUT_16,GPP_NT_VUT_25,GPP_NT_VUT_50,GPP_NT_VUT_75,GPP_NT_VUT_84,GPP_NT_VUT_95,GPP_NT_CUT_REF,GPP_NT_CUT_USTAR50,GPP_NT_CUT_MEAN,GPP_NT_CUT_SE,GPP_NT_CUT_05,GPP_NT_CUT_16,GPP_NT_CUT_25,GPP_NT_CUT_50,GPP_NT_CUT_75,GPP_NT_CUT_84,GPP_NT_CUT_95,RECO_DT_VUT_REF,RECO_DT_VUT_USTAR50,RECO_DT_VUT_MEAN,RECO_DT_VUT_SE,RECO_DT_VUT_05,RECO_DT_VUT_16,RECO_DT_VUT_25,RECO_DT_VUT_50,RECO_DT_VUT_75,RECO_DT_VUT_84,RECO_DT_VUT_95,RECO_DT_CUT_REF,RECO_DT_CUT_USTAR50,RECO_DT_CUT_MEAN,RECO_DT_CUT_SE,RECO_DT_CUT_05,RECO_DT_CUT_16,RECO_DT_CUT_25,RECO_DT_CUT_50,RECO_DT_CUT_75,RECO_DT_CUT_84,RECO_DT_CUT_95,GPP_DT_VUT_REF,GPP_DT_VUT_USTAR50,GPP_DT_VUT_MEAN,GPP_DT_VUT_SE,GPP_DT_VUT_05,GPP_DT_VUT_16,GPP_DT_VUT_25,GPP_DT_VUT_50,GPP_DT_VUT_75,GPP_DT_VUT_84,GPP_DT_VUT_95,GPP_DT_CUT_REF,GPP_DT_CUT_USTAR50,GPP_DT_CUT_MEAN,GPP_DT_CUT_SE,GPP_DT_CUT_05,GPP_DT_CUT_16,GPP_DT_CUT_25,GPP_DT_CUT_50,GPP_DT_CUT_75,GPP_DT_CUT_84,GPP_DT_CUT_95,RECO_SR,RECO_SR_N
2007,7.748,0.989897,6.507,1.942,1.0,8.688,2.164,0.980851,7.758,6.135,2.173,8.974,2.378,7.729,0.989897,6.507,1.942,1.0,8.656,2.156,0.980851,155.739,0.989384,160.616,155.314,0.989384,297.912,0.989897,303.944,297.986,0.989897,306.127,0.988756,306.134,306.031,0.988756,4.642,0.989897,4.548,4.614,0.989897,98.636,98.719,0.977683,515.509,477.839,0.982135,3.539,3.84,0.954167,0.5042040052731148,0.9468607305936072,75.47900640714597,0.9716324200913243,317.8586802535815,0.9716324200913243,142.8805834921767,0.9716324200913243,25.68480183853309,0.9716324200913243,352.46757845527196,0.9716324200913243,385.959,0.999715,9.19,-9999,-9999,-9999,-9999,-9999,-9999,-9999,-9999,-9999,1.0,-9999,-9999,-9999,-9999,-9999,-9999,-9999,-9999,-9999,11.829,-9999,-9999,-9999,-9999,-9999,-9999,-9999,-9999,-9999,0.799715,-9999,-9999,-9999,-9999,-9999,-9999,-9999,-9999,-9999,-9999,-9999,35.7478,-9999,-9999,0.206055,27.691,-9999,-9999,0.224775,-9999,-9999,22.8575,24.9918,-277.069,-276.31,0.971975,0.961929,5.69841,5.60152,12.0518,14.3812,-265.077,-276.474,0.975342,0.972032,5.72581,5.7035,12.0648,14.4212,-271.053,-273.594,0.968104,0.960291,1.6913,2.12155,-299.799,-282.576,-276.265,-266.709,-264.517,-261.337,-257.722,-300.414,-289.629,-280.427,-272.859,-264.849,-263.138,-258.411,0.929566,0.949144,0.971005,0.974829,0.980993,0.98242,0.984189,0.913299,0.938527,0.953596,0.962386,0.975457,0.981621,0.984475,2.95217,2.99555,0.670324,0.647809,0.980227,0.970853,0.0127499,0.0123714,0.0242881,0.0254725,-3.09567,-3.122,3.88929,3.85903,0.964382,0.953389,0.0263689,0.026039,0.0654345,0.0654119,2.98289,2.95181,0.676918,0.669823,0.983275,0.980227,0.0127769,0.0127269,0.0243023,0.0256471,-3.06145,-3.09254,3.91089,3.89033,0.96829,0.964476,0.0264788,0.0264065,0.0654788,0.065559,2.92966,2.94249,2.94585,2.96041,2.97959,2.98383,2.9961,2.93416,2.94196,2.94846,2.96273,2.98096,2.9865,2.99716,0.93722,0.984898,0.986439,0.978938,0.95238,0.955924,0.970853,0.929928,0.918652,0.986295,0.945057,0.95238,0.956662,0.96836,-3.17612,-3.13813,-3.11285,-3.06834,-3.04056,-3.01836,-3.00142,-3.19207,-3.15393,-3.12778,-3.09845,-3.04204,-3.03392,-3.01463,0.920956,0.94155,0.957,0.96738,0.972805,0.978534,0.981288,0.906842,0.931117,0.944267,0.856103,0.97507,0.976381,0.979219,1214.54,1212.91,1203.63,2.59892,1171.05,1185.37,1193.19,1205.13,1214.54,1219.05,1223.01,1200.83,1214.05,1202.25,2.32137,1170.55,1189.58,1193.7,1200.83,1213.43,1214.62,1220.91,1491.39,1489.38,1477.23,2.74159,1448.81,1455.35,1460.02,1475.29,1492.18,1495.87,1502.89,1475.34,1479.13,1473.31,3.03884,1442.11,1452.91,1457.29,1471.53,1488.89,1494.76,1502.39,1160.02,1181.42,1148.51,5.86273,1074.19,1099.9,1113.05,1156.09,1169.27,1185.45,1189.73,1159.9,1171.32,1146.48,5.75797,1075.61,1093.98,1114.3,1159.9,1174.11,1180.01,1189.2,1446.08,1461.75,1445.33,3.87352,1390.38,1406.55,1439.96,1449.97,1459.92,1466.15,1470.51,1447.13,1458.43,1441.06,4.46778,1381.79,1391.52,1440.81,1449.24,1458.05,1463.06,1469.74,-9999,-9999
2008,6.395,0.978882,5.247,1.868,0.982423,7.273,2.058,0.976224,6.507,4.996,2.09,7.7,2.272,6.438,0.978882,5.282,1.868,0.982423,7.319,2.055,0.976224,147.964,0.978597,156.0,150.643,0.978597,294.935,0.978882,299.995,294.913,0.978882,296.93,0.978256,300.758,296.298,0.978256,3.883,0.978825,3.618,3.949,0.978825,98.553,98.631,0.994251,664.852,589.043,0.975808,3.484,3.737,0.878017,0.48434481291022247,0.8658356102003644,73.1225435697433,0.9758082877959928,300.0296524759677,0.9730760473588344,139.22294811108037,0.9730760473588344,23.914941929763337,0.9758082877959928,345.03248451355205,0.9758082877959928,389.263,0.990779,9.403,-9999,-9999,-9999,-9999,-9999,-9999,-9999,-9999,-9999,1.0,-9999,-9999,-9999,-9999,-9999,-9999,-9999,-9999,-9999,11.626,-9999,-9999,-9999,-9999,-9999,-9999,-9999,-9999,-9999,1.0,-9999,-9999,-9999,-9999,-9999,-9999,-9999,-9999,-9999,-9999,-9999,32.4552,-9999,-9999,0.184166,27.6724,-9999,-9999,0.222313,-9999,-9999,22.888,24.7404,-249.267,-244.5,0.953267,0.950023,4.93486,4.81904,5.60417,5.56312,-250.13,-249.712,0.955316,0.955316,4.9287,4.92026,5.59875,5.65102,-246.85,-246.923,0.949395,0.946218,0.430622,0.472236,-251.645,-249.691,-248.907,-246.184,-245.178,-244.38,-243.204,-251.463,-249.848,-249.122,-246.766,-245.039,-244.289,-242.324,0.926116,0.952584,0.954178,0.949795,0.942054,0.960781,0.960269,0.860143,0.921163,0.958219,0.956626,0.957935,0.940118,0.960724,2.83786,2.84169,0.635063,0.631197,0.951531,0.9492,0.0128213,0.0126139,0.0238078,0.0275676,-2.91991,-2.90055,3.67531,3.65928,0.95103,0.946746,0.0220279,0.0214787,0.0273363,0.0289834,2.82463,2.8286,0.642097,0.645257,0.950913,0.950913,0.0126167,0.0126519,0.0236983,0.027585,-2.91514,-2.91575,3.67372,3.67453,0.955103,0.955103,0.0220877,0.0220212,0.0273845,0.0293878,2.81034,2.81572,2.82207,2.83042,2.83753,2.85584,2.87516,2.81119,2.82003,2.82393,2.83076,2.84055,2.86906,2.89263,0.968521,0.919221,0.909426,0.946468,0.951092,0.937814,0.908229,0.968197,0.957947,0.959459,0.951642,0.940743,0.908414,0.882159,-2.93567,-2.92149,-2.91711,-2.91042,-2.89887,-2.88911,-2.87928,-2.94015,-2.92932,-2.91743,-2.91023,-2.89915,-2.8904,-2.88683,0.919815,0.950105,0.952416,0.953525,0.957764,0.958741,0.961161,0.900104,0.923126,0.936786,0.95559,0.956852,0.960499,0.958834,1146.89,1168.08,1163.0,3.95308,1133.02,1140.53,1143.25,1152.65,1179.69,1187.66,1196.42,1143.0,1156.84,1159.13,3.63233,1130.88,1139.74,1142.44,1150.93,1176.44,1181.27,1195.27,1407.06,1417.79,1409.93,4.09705,1376.59,1385.81,1390.02,1399.02,1425.22,1435.34,1452.4,1395.66,1406.97,1405.98,3.79699,1375.29,1385.16,1388.8,1398.09,1422.44,1432.65,1441.27,1173.72,1140.93,1154.35,6.73328,1073.5,1126.12,1137.94,1165.98,1175.27,1183.99,1203.14,1179.4,1141.03,1157.18,4.78005,1086.89,1124.82,1137.59,1161.31,1175.05,1182.43,1188.87,1362.42,1359.98,1361.65,3.77368,1302.04,1345.54,1351.68,1360.42,1375.04,1378.48,1404.4,1362.02,1358.99,1361.74,3.3631,1320.67,1338.51,1348.35,1360.42,1373.12,1380.52,1403.08,-9999,-9999
2009,6.249,0.997489,5.051,1.685,1.0,7.184,2.034,0.99589,6.245,4.695,2.016,7.471,2.282,6.269,0.997489,5.051,1.685,1.0,7.216,2.045,0.99589,151.357,0.996005,154.909,152.311,0.996005,297.167,0.821176,296.963,297.142,0.821176,292.584,0.992751,296.632,292.637,0.992751,4.085,0.994406,3.49,4.094,0.994406,98.625,98.687,0.887158,640.046,570.184,0.995833,3.354,3.651,0.944007,0.45704913533520813,0.9335045662100457,80.40248953269378,0.7961757990867581,304.060955613292,0.9930365296803654,135.38504275707837,0.9930365296803654,23.09867361378385,0.7961187214611871,353.6167380679649,0.7961757990867581,389.393,0.998288,8.255,-9999,-9999,-9999,-9999,-9999,-9999,-9999,-9999,-9999,1.0,-9999,-9999,-9999,-9999,-9999,-9999,-9999,-9999,-9999,9.18,-9999,-9999,-9999,-9999,-9999,-9999,-9999,-9999,-9999,1.0,-9999,-9999,-9999,-9999,-9999,-9999,-9999,-9999,-9999,-9999,-9999,29.2596,-9999,-9999,0.176434,30.6397,-9999,-9999,0.220565,-9999,-9999,22.8685,25.011,-244.295,-243.598,0.971575,0.971975,4.70117,4.62568,14.5851,12.915,-237.405,-240.224,0.97363,0.974201,4.62409,4.63375,14.5605,12.9179,-245.498,-244.33,0.968362,0.970666,1.83781,1.73968,-270.917,-263.001,-253.433,-241.315,-237.331,-235.388,-234.327,-267.805,-259.316,-248.66,-241.215,-236.844,-235.2,-233.82,0.926027,0.945947,0.958333,0.981336,0.98242,0.98282,0.984304,0.934304,0.956164,0.959989,0.974829,0.973801,0.982877,0.98476,2.6318,2.63136,0.508058,0.508124,0.967002,0.967002,0.0110482,0.0105941,0.0319671,0.0314719,-2.74545,-2.74157,3.47845,3.47888,0.972847,0.973611,0.0215057,0.0212863,0.0688446,0.0553233,2.63118,2.61372,0.525705,0.532214,0.967302,0.967264,0.0107144,0.010799,0.0318532,0.0315414,-2.71583,-2.71916,3.49452,3.50556,0.976476,0.977609,0.0212182,0.0212372,0.0687553,0.0553044,2.57203,2.57545,2.59439,2.60188,2.62983,2.63544,2.64218,2.56805,2.57761,2.58961,2.60113,2.6309,2.63688,2.64467,0.986919,0.978076,0.980612,0.945214,0.962409,0.967693,0.967022,0.978228,0.978228,0.978228,0.945214,0.948531,0.967022,0.967183,-2.84219,-2.81959,-2.77397,-2.72205,-2.6967,-2.68879,-2.668,-2.83841,-2.79056,-2.7698,-2.71632,-2.69464,-2.68843,-2.66899,0.902211,0.951377,0.965452,0.977866,0.983813,0.984369,0.984739,0.934455,0.960604,0.96629,0.976476,0.983813,0.984275,0.984553,1043.62,1084.18,1054.27,3.22927,1027.08,1036.07,1038.28,1046.81,1069.11,1079.58,1090.91,1055.96,1096.27,1057.09,3.29748,1031.55,1036.54,1039.46,1049.19,1069.38,1080.35,1094.2,1294.85,1324.4,1298.6,3.81452,1268.67,1273.45,1280.57,1292.19,1316.7,1324.58,1335.74,1295.05,1333.67,1302.58,4.0761,1266.6,1274.4,1282.2,1297.75,1322.09,1332.39,1338.57,1060.27,1032.31,1042.62,9.84694,933.026,974.428,995.048,1032.3,1074.48,1087.6,1161.16,1029.86,1069.03,1031.23,9.00264,911.253,971.576,998.011,1034.26,1067.5,1080.77,1097.44,1268.17,1278.79,1284.56,6.14542,1230.29,1237.99,1264.68,1273.37,1304.74,1317.12,1359.87,1272.67,1299.75,1276.48,5.43782,1226.19,1231.83,1257.24,1272.99,1302.12,1305.46,1338.42,-9999,-9999
2010,8.287,0.993779,7.118,1.697,1.0,9.196,2.078,0.990165,8.299,6.716,1.939,9.548,2.298,8.294,0.993779,7.118,1.697,1.0,9.206,2.084,0.990165,155.761,0.993151,155.64,155.875,0.993151,306.448,0.993779,305.365,306.472,0.993779,306.103,0.992352,308.069,306.169,0.992352,4.648,0.993436,4.243,4.634,0.993436,98.536,98.611,0.915639,591.126,661.735,0.983619,3.439,3.707,0.931792,0.48309990272121583,0.9179223744292236,84.38478604031022,0.9745433789954339,336.23417198813667,0.8861301369863014,143.83722250536195,0.8861301369863014,22.89805936826645,0.9778538812785389,354.60738893867943,0.9753995433789954,390.234,0.998973,9.061,9.106,9.153,8.986,8.898,8.731,8.489,8.434,8.489,8.434,0.999829,0.999943,0.999943,0.999943,0.999943,0.999943,0.999943,0.999943,0.999943,0.999943,9.067,9.112,11.293,10.198,7.869,6.54,5.559,5.51,5.559,5.51,0.999829,0.999429,0.999429,0.999429,0.999429,0.999429,0.999429,0.999429,0.999429,0.999429,-9999,-9999,36.2545,-9999,-9999,0.205291,28.4765,-9999,-9999,0.231067,-9999,-9999,22.8849,25.0329,-195.025,-195.003,0.976598,0.976598,4.89247,4.89249,18.1416,13.7218,-191.593,-189.198,0.981336,0.981393,4.89332,4.92861,18.1418,13.7347,-195.414,-193.198,0.975277,0.977043,2.46541,2.16167,-233.709,-215.272,-205.017,-192.611,-184.654,-180.333,-179.519,-220.603,-206.05,-200.338,-189.653,-182.806,-180.41,-179.234,0.947888,0.9621,0.966324,0.981107,0.984418,0.98887,0.985959,0.958105,0.96484,0.970205,0.981164,0.985788,0.985274,0.986073,3.07586,3.07589,0.564678,0.564674,0.98251,0.98251,0.0130505,0.0130507,0.0270614,0.02552,-2.76924,-2.76913,3.72116,3.7212,0.970065,0.970065,0.0216698,0.0216699,0.0847894,0.0746021,3.05156,3.05265,0.568797,0.587472,0.989064,0.988199,0.0125074,0.012628,0.0268037,0.0253064,-2.74077,-2.73124,3.7314,3.74596,0.974372,0.975037,0.0219273,0.0220728,0.0848555,0.0747201,2.99545,3.01974,3.02946,3.05158,3.06272,3.06716,3.0753,2.99978,3.02109,3.02658,3.04776,3.0618,3.06496,3.07589,0.989986,0.989724,0.965918,0.989502,0.975849,0.944943,0.982963,0.989986,0.989021,0.989021,0.989824,0.975849,0.986333,0.98251,-2.90583,-2.83879,-2.80711,-2.74409,-2.70304,-2.67484,-2.65857,-2.88483,-2.81312,-2.78416,-2.73297,-2.68335,-2.67035,-2.65828,0.934322,0.951729,0.96035,0.973898,0.979057,0.982098,0.98304,0.938942,0.958505,0.96447,0.974698,0.980578,0.982129,0.98304,1173.81,1173.21,1181.64,2.6428,1154.58,1165.73,1170.68,1176.42,1185.43,1206.43,1210.62,1172.56,1177.23,1181.37,2.60632,1154.46,1166.48,1172.21,1177.62,1188.44,1203.07,1210.54,1362.02,1362.41,1374.84,4.485,1334.7,1347.02,1354.92,1364.12,1383.73,1413.51,1421.26,1357.69,1368.83,1376.79,4.56463,1334.6,1346.17,1357.51,1367.59,1403.53,1413.74,1422.91,1079.68,1116.48,1089.76,4.32448,1034.27,1060.98,1074.03,1093.44,1105.44,1115.65,1127.63,1110.31,1115.88,1086.83,5.30678,1020.47,1052.08,1070.52,1090.5,1109.44,1113.85,1129.98,1284.09,1304.55,1289.05,2.32757,1267.1,1274.9,1276.79,1289.31,1299.2,1302.53,1312.9,1286.56,1290.71,1288.88,2.67876,1260.46,1267.26,1280.21,1288.93,1297.66,1302.53,1318.52,-9999,-9999
2011,7.466,0.975114,6.416,1.738,0.984279,8.28,2.044,0.966903,7.506,5.993,2.025,8.695,2.28,7.428,0.975114,6.384,1.735,0.984279,8.242,2.035,0.966903,151.852,0.976598,154.587,151.074,0.976598,304.766,0.977112,302.472,305.278,0.977112,303.761,0.974772,304.131,304.313,0.974772,4.064,0.975114,3.908,4.008,0.975114,98.54,98.607,0.993094,635.119,722.31,0.971005,3.451,3.677,0.913185,0.4789834744203385,0.8946347031963471,82.00533959432295,0.9527397260273973,410.30836491104463,0.6993721461187214,-9999,-9999,23.099541132115636,0.965525114155251,352.0258271824459,0.9539954337899544,392.184,0.979224,8.607,8.353,8.372,8.203,8.122,7.994,7.847,7.889,7.847,7.889,0.998573,1.0,1.0,1.0,1.0,1.0,1.0,1.0,1.0,1.0,8.366,8.109,10.537,9.69,7.46,6.148,5.393,5.356,5.393,5.356,0.998573,0.996689,0.996689,0.996689,0.996689,0.996689,0.996689,0.996689,0.996689,0.996689,-9999,-9999,32.0429,-9999,-9999,0.206051,26.9965,-9999,-9999,0.219695,-9999,-9999,22.9178,25.0411,-262.175,-262.342,0.949658,0.949144,5.59783,5.58443,8.22177,7.82129,-263.768,-262.178,0.954909,0.954909,5.65383,5.6551,8.26,7.8719,-260.768,-260.681,0.948066,0.949432,1.15004,1.03558,-282.172,-266.396,-264.439,-261.178,-255.576,-254.352,-251.463,-275.977,-265.747,-264.361,-261.227,-255.713,-254.795,-251.633,0.898687,0.938356,0.934874,0.955993,0.963413,0.964441,0.967295,0.887614,0.935445,0.928425,0.94766,0.963813,0.968037,0.966952,2.73495,2.73198,0.675174,0.673921,0.961656,0.961477,0.013551,0.0136557,0.0195033,0.0206763,-2.91154,-2.90976,3.67479,3.67041,0.939357,0.938442,0.025442,0.0253196,0.0343562,0.035829,2.73263,2.73881,0.657138,0.659507,0.966253,0.966253,0.0135624,0.0135782,0.0195112,0.0206252,-2.91727,-2.91374,3.68529,3.68812,0.944906,0.944864,0.0257528,0.0257529,0.0345869,0.0361366,2.72797,2.73495,2.7381,2.75094,2.76036,2.76301,2.80357,2.72624,2.73198,2.73691,2.75101,2.75874,2.76303,2.79862,0.963735,0.961656,0.978999,0.955252,0.977873,0.977759,0.923057,0.963735,0.961477,0.978999,0.978687,0.980076,0.977873,0.908593,-3.03698,-2.93223,-2.93064,-2.91303,-2.89517,-2.88606,-2.87915,-3.02795,-2.93709,-2.93149,-2.91187,-2.89517,-2.88639,-2.87999,0.86796,0.918318,0.934427,0.937531,0.950494,0.952116,0.955484,0.879908,0.929541,0.932188,0.937629,0.950494,0.956417,0.957062,1074.09,1066.49,1079.18,2.76388,1060.98,1062.41,1064.37,1071.08,1093.41,1098.42,1105.99,1071.28,1066.6,1079.18,2.80835,1061.68,1062.52,1064.37,1071.08,1090.64,1100.8,1107.08,1326.99,1328.67,1339.86,3.15154,1316.59,1323.03,1325.73,1329.0,1354.25,1358.59,1365.92,1331.32,1330.37,1339.95,3.19647,1316.87,1321.36,1325.31,1330.06,1353.89,1357.77,1364.56,1083.58,1128.39,1109.15,7.59817,1030.51,1052.52,1072.42,1108.12,1140.6,1153.39,1177.98,1091.49,1119.77,1108.71,7.57053,1025.77,1057.62,1072.74,1108.12,1140.54,1152.12,1173.3,1355.89,1373.38,1369.05,5.13359,1309.42,1331.29,1345.63,1364.04,1397.95,1401.25,1407.01,1347.19,1368.78,1368.36,4.74801,1318.3,1331.93,1347.95,1364.04,1390.47,1397.82,1400.83,-9999,-9999
2012,9.123,0.977744,8.071,1.849,0.984586,9.916,2.052,0.970239,8.879,7.245,2.137,10.118,2.385,9.143,0.977744,8.078,1.847,0.984586,9.95,2.043,0.970239,160.03,0.978597,157.177,160.293,0.978597,304.113,0.869592,308.016,304.768,0.869592,312.299,0.977687,311.679,312.644,0.977687,4.674,0.977687,4.621,4.692,0.977687,98.546,98.617,0.930442,550.341,615.734,0.970287,3.477,3.723,0.92327,0.47811729921163354,0.9056238615664847,81.53621221729496,0.9506489071038251,350.1920101748583,0.9086407103825137,-9999,-9999,24.50536555029956,0.8247950819672131,360.0384613243183,0.8179075591985427,394.745,0.980817,9.081,9.105,9.165,8.959,8.833,8.653,8.399,8.386,8.399,8.386,0.993682,0.951673,0.951673,0.951673,0.951673,0.951673,0.951673,0.951673,0.951673,0.951673,8.556,8.205,10.693,9.445,7.15,5.979,5.695,5.494,5.695,5.494,0.993682,0.993568,0.993568,0.993568,0.993568,0.993568,0.993568,0.993568,0.993568,0.993568,-9999,-9999,36.5255,-9999,-9999,0.214887,25.0978,-9999,-9999,0.227545,-9999,-9999,22.8962,24.9044,-335.731,-339.252,0.948827,0.94712,5.76853,5.78763,10.9418,10.8438,-341.588,-340.751,0.954463,0.95395,5.92808,5.83102,11.0267,10.867,-340.907,-341.192,0.947968,0.948688,1.5873,1.48716,-353.781,-352.223,-350.053,-341.684,-335.731,-333.627,-326.14,-353.662,-351.864,-349.159,-341.615,-336.71,-333.524,-327.282,0.968408,0.961066,0.960724,0.960326,0.948827,0.923725,0.932036,0.967555,0.963684,0.965335,0.958903,0.938752,0.916553,0.929759,2.98025,2.97929,0.700375,0.699474,0.958982,0.957053,0.014774,0.014928,0.110152,0.109696,-3.31471,-3.3296,3.97821,3.98075,0.938765,0.93704,0.0257341,0.0258036,0.0335756,0.0326219,2.93678,2.94493,0.724977,0.721659,0.969676,0.969033,0.0161234,0.0153126,0.110341,0.109749,-3.31673,-3.31789,3.98037,3.97928,0.941301,0.940796,0.0260333,0.0258962,0.0338055,0.0326952,2.81704,2.84358,2.85122,2.93935,2.99104,3.06189,3.08555,2.81945,2.84289,2.8535,2.94417,2.98215,3.06024,3.07941,0.980393,0.975586,0.974642,0.973592,0.958674,0.920642,0.917087,0.980511,0.977006,0.977719,0.969033,0.958982,0.919573,0.913551,-3.36257,-3.34353,-3.33755,-3.31686,-3.30852,-3.3004,-3.29522,-3.36264,-3.34321,-3.33692,-3.31833,-3.30951,-3.30329,-3.29537,0.912122,0.902426,0.93644,0.946095,0.950891,0.954721,0.953806,0.912221,0.932281,0.929768,0.940721,0.950891,0.951849,0.953547,1173.98,1174.22,1179.82,3.56879,1142.69,1159.39,1162.45,1175.27,1192.58,1201.79,1215.37,1176.24,1174.4,1180.52,3.76048,1143.17,1159.03,1161.21,1175.82,1192.4,1202.32,1222.29,1514.88,1514.97,1521.01,2.39139,1495.29,1510.12,1511.78,1516.73,1528.6,1534.51,1548.12,1513.87,1515.98,1521.43,2.42562,1496.95,1509.53,1512.07,1517.61,1529.32,1535.42,1548.91,1097.58,1078.74,1090.66,4.92646,1043.84,1053.32,1066.24,1087.7,1111.95,1121.75,1133.02,1067.06,1067.69,1089.52,3.7876,1049.89,1058.16,1069.24,1090.46,1105.0,1114.76,1131.43,1432.91,1436.16,1437.45,3.57715,1391.09,1413.57,1422.15,1439.47,1446.26,1461.07,1471.62,1437.3,1429.12,1437.28,2.7585,1405.27,1418.66,1424.15,1438.3,1445.61,1458.48,1463.65,-9999,-9999
2013,6.712,0.938356,5.644,1.81,0.971677,7.52,2.066,0.909931,6.438,4.9,2.09,7.613,2.254,6.662,0.938356,5.617,1.853,0.971677,7.454,2.068,0.909931,154.72,0.940925,155.226,154.165,0.940925,298.538,0.938584,300.286,298.57,0.938584,299.198,0.937043,301.155,298.99,0.937043,3.881,0.938356,3.616,3.846,0.938356,98.634,98.705,0.951941,635.82,609.1,1.0,3.492,3.674,0.841267,0.5079977810774273,0.8247716894977168,84.54027927361393,0.8877853881278539,404.68990099640115,0.6735159817351598,184.15342464075516,0.6735159817351598,25.27738829497443,0.8881849315068493,346.4976282289431,0.888013698630137,397.476,0.948459,7.992,7.945,8.026,7.845,7.792,7.62,7.537,7.607,7.537,7.607,0.998801,0.988299,0.988299,0.988299,0.988299,0.988299,0.988299,0.988299,0.988299,0.988299,8.255,8.155,10.532,9.694,7.664,6.015,6.002,5.82,6.002,5.82,0.998801,0.984075,0.984075,0.984075,0.984075,0.984075,0.984075,0.984075,0.984075,0.984075,-9999,-9999,31.4086,-9999,-9999,0.185971,27.9349,-9999,-9999,0.245719,-9999,-9999,22.9096,24.9096,-345.574,-341.862,0.910103,0.912842,6.90164,6.94889,10.6379,10.6072,-342.698,-343.697,0.914041,0.915468,6.90091,6.97909,10.6375,10.627,-348.273,-344.07,0.90785,0.91279,2.41729,1.39756,-392.238,-354.969,-351.657,-345.081,-341.94,-338.779,-335.725,-357.829,-352.353,-349.346,-343.062,-339.878,-336.324,-333.653,0.867637,0.885902,0.89121,0.918094,0.919235,0.923002,0.924087,0.884646,0.906393,0.888185,0.91895,0.921518,0.921119,0.924429,2.3249,2.35122,1.07512,1.09349,0.945766,0.948939,0.0214391,0.0217526,0.0287004,0.0286864,-3.0002,-2.99726,3.863,3.87657,0.87802,0.880999,0.0288969,0.0289857,0.0530921,0.0453631,2.34839,2.34775,1.1004,1.12149,0.949213,0.950663,0.0216673,0.0220882,0.0288713,0.0289417,-2.99921,-3.00319,3.87543,3.88411,0.88274,0.884435,0.0287435,0.0289531,0.0530088,0.0453423,2.21215,2.31302,2.31844,2.32963,2.34399,2.35118,2.35851,2.28369,2.31072,2.31821,2.33192,2.34551,2.34812,2.35625,0.911827,0.953296,0.944008,0.945766,0.950511,0.949213,0.931086,0.90904,0.958975,0.952071,0.938665,0.948616,0.949374,0.949213,-3.15097,-3.05517,-3.02903,-3.00221,-2.98962,-2.96609,-2.94476,-3.07078,-3.03479,-3.01513,-2.99993,-2.96751,-2.965,-2.90339,0.825991,0.856648,0.868793,0.8802,0.890499,0.894274,0.898675,0.846083,0.860738,0.874439,0.88892,0.892908,0.896338,0.903393,908.325,911.48,905.389,1.75957,883.079,890.922,901.746,908.325,912.053,913.358,917.877,909.159,907.048,906.425,1.5029,884.133,898.574,901.253,907.633,912.341,914.108,919.501,1255.47,1255.18,1249.46,2.53973,1212.58,1236.31,1246.17,1253.53,1255.47,1256.07,1260.12,1256.14,1249.75,1254.7,2.70213,1228.46,1243.39,1247.13,1253.55,1255.93,1258.54,1291.6,972.578,942.478,962.809,4.73528,932.457,936.418,944.952,957.873,969.908,974.586,1009.27,944.59,928.891,973.857,6.71168,935.11,941.189,944.59,957.311,977.613,1009.82,1049.08,1262.52,1267.79,1274.2,3.1755,1248.86,1260.1,1262.52,1268.93,1279.89,1285.42,1305.94,1264.7,1257.56,1282.11,4.50722,1252.37,1259.61,1264.7,1270.46,1287.61,1307.26,1340.81,-9999,-9999
2014,5.473,0.991039,4.469,1.795,0.99726,6.245,1.972,0.984132,5.131,3.494,2.094,6.397,2.31,5.488,0.991039,4.493,1.81,0.99726,6.243,1.977,0.984132,151.052,0.991267,148.594,149.999,0.991267,294.256,0.991039,297.883,294.612,0.991039,292.211,0.990582,297.883,292.684,0.990582,3.48,0.990868,3.315,3.482,0.990868,98.553,98.629,0.986187,733.887,708.6,1.0,3.495,3.671,0.983333,0.4825786471760626,0.9821347031963471,80.25449581123893,0.9820205479452054,353.72059760598097,0.8367009132420092,173.80677423194342,0.8367009132420092,23.710823998699638,0.9812785388127853,341.1263956638196,0.9821917808219178,399.704,0.995776,7.674,7.514,7.614,7.439,7.435,7.275,7.238,7.335,7.238,7.335,0.990582,1.0,1.0,1.0,1.0,1.0,1.0,1.0,1.0,1.0,8.625,9.035,11.742,10.831,8.503,5.485,5.522,5.491,5.522,5.491,0.990582,0.999772,0.999772,0.999772,0.999772,0.999772,0.999772,0.999772,0.999772,0.999772,-9999,-9999,28.158,-9999,-9999,0.171861,28.0834,-9999,-9999,0.219555,-9999,-9999,22.9178,25.0466,-297.335,-300.775,0.963756,0.968721,7.1862,7.21021,8.05011,7.8051,-297.848,-295.095,0.96895,0.972089,7.18138,7.21366,8.0458,7.8083,-297.436,-296.218,0.962797,0.968436,0.647998,0.531298,-307.72,-300.747,-298.534,-297.402,-294.944,-293.491,-292.125,-300.775,-299.289,-298.354,-297.255,-294.738,-293.311,-290.275,0.940582,0.975856,0.978482,0.976655,0.952511,0.972546,0.980822,0.968721,0.976655,0.977283,0.979737,0.969349,0.972774,0.982934,2.78492,2.76901,0.962912,0.987069,0.962825,0.967643,0.0211422,0.0210167,0.0415364,0.0455392,-3.04017,-3.05085,4.44037,4.46087,0.961876,0.967244,0.0307723,0.0309689,0.042412,0.0375364,2.78759,2.78046,0.991027,1.03614,0.967643,0.97116,0.0208438,0.021192,0.0413852,0.0456204,-3.04959,-3.03331,4.46544,4.46942,0.967576,0.970467,0.0308954,0.0308847,0.0425014,0.037467,2.71295,2.74145,2.75718,2.78697,2.80417,2.81296,2.83376,2.66251,2.72912,2.74348,2.78302,2.79169,2.80992,2.82754,0.983905,0.977462,0.977462,0.971548,0.966958,0.954214,0.948448,0.992003,0.979276,0.982829,0.965753,0.962558,0.952924,0.943709,-3.12573,-3.07394,-3.05289,-3.04319,-3.02949,-3.01557,-2.99574,-3.07422,-3.05211,-3.04969,-3.03758,-3.02312,-3.00969,-2.97493,0.918731,0.93352,0.967113,0.973005,0.971386,0.975398,0.978529,0.944649,0.964641,0.967576,0.97202,0.97497,0.976726,0.980868,1083.72,1085.32,1084.81,3.6148,1033.91,1065.88,1071.36,1084.05,1096.36,1104.05,1110.16,1083.89,1095.12,1089.62,3.48403,1054.28,1071.47,1074.11,1087.42,1099.34,1105.23,1125.76,1376.48,1380.42,1381.03,3.56988,1331.88,1360.05,1367.72,1379.11,1393.43,1397.99,1405.42,1386.78,1392.97,1387.05,3.52723,1351.98,1367.67,1372.89,1389.83,1394.82,1401.87,1424.13,1150.45,1142.64,1171.15,5.37106,1115.73,1142.49,1147.42,1166.63,1184.57,1197.18,1211.56,1169.65,1145.73,1182.62,8.18814,1119.5,1144.87,1149.97,1176.52,1198.36,1213.11,1229.29,1365.34,1344.59,1369.01,4.58334,1316.67,1347.34,1351.46,1364.38,1379.75,1395.71,1413.42,1363.23,1354.13,1379.07,5.94598,1333.6,1345.65,1354.0,1372.53,1396.17,1408.07,1426.36,-9999,-9999
2015,7.286,0.988242,6.134,1.974,0.99726,8.181,2.126,0.979549,7.023,5.315,2.292,8.357,2.476,7.287,0.988242,6.132,1.976,0.99726,8.186,2.126,0.979549,155.568,0.987557,155.136,156.048,0.987557,298.708,0.879509,301.109,299.879,0.879509,302.328,0.986758,302.275,302.37,0.986758,3.886,0.988185,3.819,3.881,0.988185,98.684,98.342,0.964555,623.611,644.1,1.0,3.561,3.704,0.988356,0.49572901035026445,0.9880707762557078,75.62558910999809,0.8446917808219178,439.79146623439505,0.7045091324200913,210.76603687144717,0.7050799086757992,23.079112785423224,0.8453196347031963,349.60033920567855,0.8448059360730592,399.85,0.999258,9.049,8.192,8.272,8.086,7.95,7.859,7.501,7.426,7.501,7.426,0.908162,1.0,1.0,1.0,1.0,1.0,1.0,1.0,1.0,1.0,7.489,7.011,9.119,9.001,7.405,5.818,5.423,5.162,5.423,5.162,0.912842,0.999429,0.999429,0.999429,0.999429,0.999429,0.999429,0.999429,0.999429,0.999429,-9999,-9999,33.559,-9999,-9999,0.183057,30.3639,-9999,-9999,0.238339,-9999,-9999,22.8959,24.9836,-297.431,-293.429,0.976655,0.980194,5.75886,5.8923,6.40492,6.56805,-293.16,-296.352,0.980137,0.982192,5.91708,5.91703,6.54755,6.59024,-294.958,-294.092,0.973968,0.979097,1.16603,0.682622,-298.253,-297.453,-296.265,-294.823,-292.082,-291.846,-289.792,-300.579,-297.579,-296.436,-294.434,-292.522,-291.775,-286.695,0.975799,0.971975,0.982192,0.982991,0.979395,0.978082,0.987557,0.972146,0.97597,0.982192,0.986073,0.978025,0.985331,0.959132,2.82257,2.82972,0.741514,0.777608,0.981991,0.98534,0.0147875,0.0153948,0.03617,0.0432884,-3.14889,-3.13171,4.06974,4.09223,0.969895,0.974189,0.0257742,0.0262596,0.0368692,0.0403437,2.83041,2.81004,0.778043,0.807824,0.98534,0.986869,0.0154875,0.0153717,0.0364617,0.0432802,-3.13083,-3.1348,4.08872,4.14213,0.974044,0.976623,0.0263601,0.0264198,0.0372811,0.0404482,2.75613,2.77998,2.79585,2.81916,2.84109,2.846,2.89932,2.74254,2.7622,2.78236,2.8105,2.82558,2.84312,2.89072,0.990631,0.990161,0.986546,0.988762,0.983925,0.983764,0.960845,0.990802,0.990302,0.989712,0.986869,0.980507,0.976109,0.929946,-3.22734,-3.16155,-3.1509,-3.13495,-3.12709,-3.10883,-3.07926,-3.19234,-3.15209,-3.14788,-3.13245,-3.10841,-3.09083,-3.0589,0.917707,0.954023,0.964732,0.979729,0.974784,0.982592,0.983176,0.938113,0.968672,0.966638,0.978002,0.981273,0.98284,0.983789,1131.75,1125.75,1122.86,1.96189,1095.37,1111.39,1118.96,1123.18,1129.51,1132.92,1145.12,1134.97,1132.81,1124.2,1.88879,1095.9,1117.87,1118.9,1123.03,1130.45,1133.31,1143.43,1429.22,1422.1,1416.96,2.1006,1381.5,1404.76,1412.2,1418.44,1424.95,1428.02,1437.25,1417.96,1425.97,1419.16,1.78309,1394.12,1411.96,1414.87,1418.23,1425.3,1428.99,1435.29,1165.76,1190.71,1179.14,5.18839,1080.71,1154.56,1165.76,1185.86,1198.28,1201.45,1219.69,1174.17,1197.73,1171.88,7.40668,1065.81,1147.12,1154.22,1187.48,1196.84,1210.31,1220.25,1397.46,1412.37,1395.65,3.80208,1338.45,1372.92,1383.51,1398.84,1410.6,1415.56,1424.54,1414.77,1416.02,1391.42,4.49897,1330.28,1356.37,1374.04,1395.54,1412.42,1418.38,1429.45,-9999,-9999
2016,8.479,0.990893,7.339,1.755,0.999727,9.356,2.061,0.980191,8.282,6.533,2.037,9.631,2.334,8.493,0.990893,7.339,1.755,0.999727,9.392,2.049,0.980191,153.57,0.989868,156.67,153.418,0.989868,310.659,0.990893,307.882,310.79,0.990893,312.02,0.989014,311.495,312.186,0.989014,4.202,0.990893,4.183,4.2,0.990893,98.613,98.274,0.972791,592.527,560.976,0.99704,3.478,3.622,0.969148,0.4874401499160539,0.9645377959927139,86.0891836068991,0.9789389799635702,438.62770245964794,0.700136612021858,195.69192269312254,0.7004781420765027,23.358290535455843,0.9790528233151183,356.05609404502525,0.9791666666666666,404.318,0.977231,10.759,9.108,9.15,8.943,8.815,8.592,8.3,8.068,8.3,8.068,0.534438,0.998862,0.998862,0.998862,0.998862,0.998862,0.998862,0.998862,0.998862,0.998862,7.434,7.461,9.206,8.703,6.991,5.525,4.893,4.335,4.893,4.335,0.747154,0.986282,0.986282,0.986282,0.986282,0.986282,0.986282,0.986282,0.986282,0.986282,-9999,-9999,34.2965,-9999,-9999,0.195511,26.6875,-9999,-9999,0.219277,-9999,-9999,22.9317,25.041,-266.955,-267.269,0.943761,0.948258,6.16839,6.17299,7.8137,7.72386,-268.108,-273.551,0.948144,0.952698,6.14318,6.23223,7.79381,7.77128,-267.32,-266.781,0.943178,0.948021,1.27667,0.935818,-280.745,-272.023,-269.662,-266.589,-264.287,-262.431,-257.62,-276.309,-271.533,-269.49,-266.363,-263.551,-262.248,-259.401,0.903347,0.953438,0.954861,0.944331,0.958903,0.961122,0.964082,0.912967,0.952413,0.955658,0.940858,0.958846,0.961122,0.961635,2.983,2.97282,0.763626,0.794268,0.942461,0.947341,0.0173761,0.0172421,0.0720781,0.050421,-3.11669,-3.11109,4.03403,4.06143,0.94072,0.944882,0.0267386,0.026839,0.0479979,0.0395232,2.97125,2.91695,0.793652,0.850214,0.947493,0.95662,0.0172452,0.0180414,0.0720467,0.0506999,-3.11382,-3.10742,4.06021,4.07856,0.944623,0.947005,0.02666,0.0267439,0.0479542,0.0394587,2.90733,2.9175,2.92743,2.96651,3.01684,3.0574,3.07561,2.9076,2.9175,2.92646,2.94252,2.98298,3.01226,3.06257,0.95862,0.958468,0.966728,0.949709,0.942101,0.922872,0.92419,0.958908,0.958468,0.966242,0.966242,0.942461,0.900724,0.936385,-3.2192,-3.15849,-3.13287,-3.11139,-3.08548,-3.07877,-3.07345,-3.19787,-3.13363,-3.11669,-3.1055,-3.0792,-3.0756,-3.06227,0.893679,0.912848,0.934457,0.941487,0.949475,0.954509,0.955269,0.905117,0.933518,0.94072,0.947546,0.954424,0.953102,0.956402,1157.77,1155.59,1163.35,1.64242,1153.18,1154.66,1156.03,1160.01,1164.5,1175.7,1185.98,1157.77,1157.72,1166.13,1.87454,1152.73,1155.32,1157.07,1161.35,1174.03,1182.56,1186.85,1427.6,1429.14,1430.13,1.45282,1419.43,1421.17,1423.1,1427.28,1436.32,1439.96,1446.66,1437.44,1425.83,1433.45,1.6263,1419.89,1423.07,1424.98,1429.09,1442.12,1445.31,1449.48,1213.54,1176.73,1212.83,3.95701,1173.03,1184.47,1195.71,1213.54,1227.76,1234.25,1251.31,1246.63,1235.35,1218.51,5.23911,1173.99,1183.86,1192.2,1214.21,1233.03,1250.37,1279.75,1396.24,1388.92,1409.59,2.97579,1378.99,1387.8,1394.5,1411.88,1417.54,1425.47,1432.86,1395.91,1417.09,1415.37,3.83343,1381.05,1389.48,1394.11,1411.61,1428.84,1441.05,1464.5,-9999,-9999
2017,7.557,0.990811,6.453,1.801,1.0,8.404,2.034,0.982449,7.553,6.042,1.894,8.727,2.225,7.549,0.990811,6.453,1.801,1.0,8.391,2.046,0.982449,146.986,0.989498,151.896,146.831,0.989498,309.217,0.990811,307.032,309.223,0.990811,307.734,0.988527,310.339,307.665,0.988527,3.7,0.990639,3.503,3.674,0.990639,98.513,98.273,0.987443,748.424,668.037,0.9996,3.5,3.594,0.94726,0.497175475999965,0.9385844748858448,83.54715000308528,0.9812785388127855,384.19786090862135,0.7197488584474885,188.02423689086194,0.7196917808219178,21.536586697319517,0.9817351598173517,351.1026975862408,0.98162100456621,404.851,0.99355,8.531,10.228,10.294,9.975,9.759,9.553,9.013,8.666,9.013,8.666,0.99629,0.808904,0.808904,0.808904,0.808904,0.808904,0.808904,0.808904,0.808904,0.808904,8.222,8.263,11.108,10.227,8.081,5.338,5.189,5.129,5.189,5.129,0.433505,0.79726,0.79726,0.79726,0.79726,0.79726,0.79726,0.79726,0.79726,0.79726,-9999,-9999,33.1834,-9999,-9999,0.193496,26.4914,-9999,-9999,0.2231,-9999,-9999,22.8685,25.0521,-252.839,-253.182,0.971062,0.972489,5.68482,5.68299,9.25847,8.26766,-257.725,-259.575,0.974144,0.974429,5.74161,5.71937,9.29345,8.29271,-252.742,-253.663,0.968403,0.97023,1.1712,1.06909,-265.203,-259.465,-256.756,-254.659,-248.096,-244.85,-239.944,-264.167,-259.59,-257.354,-254.858,-248.744,-247.581,-241.479,0.983276,0.974429,0.978082,0.976256,0.955137,0.958847,0.933162,0.979395,0.978425,0.976598,0.97637,0.961073,0.950913,0.936016,3.10158,3.09331,0.709746,0.70962,0.97961,0.980123,0.0152241,0.0151826,0.131263,0.112516,-3.14132,-3.13808,4.04832,4.04441,0.962108,0.96447,0.0251236,0.025134,0.0650949,0.0580114,3.04381,3.03614,0.707045,0.711548,0.981623,0.981623,0.0149299,0.0149665,0.131229,0.112487,-3.12917,-3.13219,4.04934,4.04774,0.966303,0.966818,0.0255935,0.0254474,0.0652777,0.0581478,2.93111,3.00245,3.03079,3.05259,3.17254,3.2632,3.36825,2.92655,2.98763,3.0243,3.04724,3.13891,3.21061,3.34759,0.989394,0.984735,0.984403,0.981509,0.978057,0.962267,0.939128,0.989394,0.984538,0.984564,0.98312,0.979912,0.969277,0.937826,-3.25699,-3.22262,-3.16472,-3.13177,-3.11034,-3.10251,-3.0952,-3.25309,-3.20442,-3.15186,-3.12807,-3.10586,-3.09985,-3.09162,0.925179,0.945452,0.954363,0.965277,0.968818,0.970797,0.971388,0.930398,0.950037,0.958476,0.968002,0.973091,0.97099,0.973888,1206.54,1194.28,1214.18,7.06848,1156.82,1176.35,1184.7,1202.89,1225.66,1268.5,1316.07,1206.03,1194.21,1221.1,7.60609,1156.77,1177.01,1193.12,1205.27,1235.06,1281.96,1317.46,1454.35,1453.86,1467.84,6.084,1424.86,1434.55,1439.55,1456.09,1474.12,1517.25,1555.88,1454.81,1451.93,1473.84,6.54079,1424.21,1433.77,1450.98,1459.3,1479.6,1526.81,1557.41,1198.37,1160.82,1233.25,7.37168,1171.18,1179.63,1198.37,1228.62,1245.32,1291.07,1324.12,1176.85,1202.44,1234.42,7.49623,1168.05,1176.64,1201.32,1228.98,1259.98,1297.15,1313.52,1451.28,1406.82,1464.0,7.82613,1410.93,1417.03,1431.75,1441.22,1502.49,1538.14,1557.15,1467.3,1432.88,1468.33,7.92694,1411.63,1415.42,1431.95,1447.68,1510.84,1535.1,1551.19,-9999,-9999
2018,7.076,0.993265,6.023,1.796,1.0,7.855,2.013,0.986393,7.016,5.376,2.027,8.23,2.271,7.1,0.993265,6.023,1.796,1.0,7.909,2.011,0.986393,156.228,0.990982,159.273,156.164,0.990982,304.408,0.993265,304.089,304.534,0.993265,302.64,0.990183,306.333,302.776,0.990183,3.945,0.993037,3.929,3.948,0.993037,98.735,98.834,0.990696,669.531,657.579,0.99903,3.421,3.525,0.978368,0.48506664844667635,0.972146118721461,86.13901848723606,0.9825342465753425,349.1236259867847,0.8742579908675799,164.41257357040593,0.8737442922374428,24.62289789678795,0.9843607305936072,350.1482558487929,0.9836187214611873,408.953,0.9996,7.255,7.035,7.37,7.601,8.341,8.695,10.164,10.652,10.164,10.652,0.99903,0.164612,0.164612,0.164612,0.164612,0.164612,0.164612,0.164612,0.164612,0.164612,7.723,11.19,13.156,12.255,10.231,9.051,6.296,6.542,6.296,6.542,0.490525,0.164897,0.164897,0.164897,0.164897,0.164897,0.164897,0.164897,0.164897,0.164897,-9999,-9999,35.0493,-9999,-9999,0.20883,32.2015,-9999,-9999,0.235273,-9999,-9999,22.7041,24.8904,-307.285,-306.547,0.972089,0.970662,5.65209,5.58346,9.76242,12.7223,-309.878,-309.452,0.976484,0.975285,5.57549,5.57164,9.71827,12.7172,-301.49,-301.797,0.969443,0.969468,2.43788,2.44898,-312.353,-310.966,-309.992,-307.491,-304.204,-295.046,-267.75,-312.463,-311.1,-309.735,-307.411,-304.437,-288.237,-267.77,0.988014,0.985274,0.969235,0.958105,0.977911,0.949829,0.928938,0.986929,0.985274,0.969578,0.979852,0.978139,0.946632,0.928938,2.85871,2.85669,0.750062,0.747357,0.975132,0.971603,0.0142259,0.0137276,0.0642821,0.0729591,-3.15838,-3.15289,4.05,4.03765,0.966084,0.965822,0.0254561,0.0252972,0.0295771,0.0288233,2.83224,2.8326,0.772932,0.775995,0.982642,0.980952,0.0131604,0.013136,0.0640547,0.0728501,-3.15276,-3.15107,4.04308,4.04281,0.969192,0.968175,0.0254588,0.0254507,0.0295795,0.0289581,2.7941,2.80751,2.81843,2.84762,2.88425,2.93289,3.04168,2.78495,2.80637,2.81515,2.84673,2.87712,2.94968,3.04157,0.993576,0.992081,0.991053,0.987296,0.967098,0.942324,0.920352,0.995403,0.992377,0.984795,0.978213,0.957154,0.939739,0.920352,-3.16934,-3.15838,-3.15453,-3.14468,-3.13897,-3.12826,-3.10913,-3.16182,-3.15888,-3.15126,-3.14357,-3.13937,-3.13125,-3.11386,0.957683,0.966084,0.948545,0.97659,0.97749,0.985332,0.927491,0.965317,0.966733,0.968166,0.944691,0.984394,0.985801,0.923348,1124.82,1132.85,1141.7,6.84728,1094.94,1100.23,1114.44,1126.0,1148.8,1186.98,1226.88,1112.5,1131.68,1142.62,6.62382,1095.34,1101.08,1115.76,1127.42,1156.44,1180.66,1223.15,1441.64,1442.3,1443.49,4.7269,1407.25,1412.69,1421.85,1433.24,1455.27,1474.81,1491.47,1427.06,1441.56,1444.11,4.61904,1406.83,1412.73,1423.11,1434.35,1462.86,1468.03,1487.03,1180.52,1174.21,1203.23,9.72192,1120.69,1135.26,1157.18,1186.32,1235.87,1275.19,1297.7,1193.82,1174.0,1203.85,9.52722,1120.8,1134.74,1160.82,1191.77,1255.65,1273.9,1297.76,1396.81,1417.24,1434.87,7.17419,1374.24,1382.84,1401.11,1425.56,1458.9,1487.81,1508.42,1403.02,1418.38,1434.91,7.01802,1375.81,1382.48,1401.71,1423.57,1471.41,1484.32,1508.43,-9999,-9999
2019,5.977,0.994977,4.866,1.719,1.0,6.814,1.984,0.989041,6.22,4.634,1.932,7.425,2.168,5.99,0.994977,4.866,1.719,1.0,6.842,1.988,0.989041,152.235,0.99218,151.477,152.18,0.99218,303.364,0.994977,302.623,303.576,0.994977,294.939,0.991724,304.337,295.186,0.991724,3.619,0.994977,3.436,3.618,0.994977,98.594,98.687,0.977397,842.046,735.843,0.999315,3.511,3.639,0.979395,0.4942515315028191,0.9777397260273972,87.57352130223799,0.9878995433789955,324.08107051034057,0.9204908675799087,189.42789374314572,0.7198059360730592,23.96433987751598,0.9882420091324202,344.7888361123853,0.9885844748858449,411.772,0.999886,7.394,7.623,7.748,7.527,7.527,7.394,7.332,7.381,7.332,7.381,1.0,0.999372,0.999372,0.999372,0.999372,0.887842,0.999372,0.999372,0.999372,0.999372,9.134,12.042,12.605,11.605,9.444,8.71,6.596,7.063,6.596,7.063,0.610046,0.999372,0.999372,0.999372,0.999372,0.93984,0.999372,0.999372,0.999372,0.999372,-9999,-9999,31.4845,-9999,-9999,0.184922,28.153,-9999,-9999,0.227776,-9999,-9999,22.9014,25.0384,-233.661,-244.238,0.976256,0.967979,5.14469,5.21219,19.0919,19.2526,-232.703,-232.627,0.983505,0.979053,5.33277,5.17875,19.1434,19.2436,-232.36,-236.02,0.97532,0.97127,2.32682,2.39039,-254.312,-251.129,-245.175,-233.011,-218.553,-214.358,-210.095,-259.166,-253.963,-250.924,-233.664,-228.566,-216.896,-211.469,0.958333,0.952169,0.960559,0.984703,0.989726,0.994235,0.99395,0.942523,0.925799,0.952169,0.976256,0.988299,0.989726,0.991838,2.7011,2.67856,0.657939,0.636429,0.971485,0.958113,0.0142307,0.0147391,0.0377079,0.033812,-2.76136,-2.79264,3.64355,3.62083,0.977069,0.971578,0.0225208,0.0226147,0.0696986,0.0707752,2.67106,2.68663,0.662174,0.66117,0.984128,0.975073,0.0151343,0.0144878,0.0380582,0.0337032,-2.7393,-2.74823,3.64832,3.64753,0.981162,0.979624,0.0231311,0.0225765,0.0698982,0.070763,2.66205,2.66422,2.66873,2.67967,2.71759,2.73406,2.73976,2.64286,2.66402,2.66721,2.67605,2.70108,2.72489,2.73534,0.986491,0.923111,0.920032,0.973496,0.992801,0.99444,0.994823,0.943162,0.923111,0.924397,0.983966,0.971485,0.992801,0.994984,-2.85744,-2.82223,-2.79411,-2.73971,-2.7032,-2.69031,-2.67466,-2.85455,-2.83475,-2.82198,-2.75526,-2.71702,-2.70062,-2.67927,0.952294,0.960297,0.971977,0.980607,0.986036,0.988309,0.989736,0.952294,0.946257,0.960297,0.978695,0.985497,0.986036,0.989349,1064.9,1066.27,1065.22,1.76366,1047.46,1055.82,1058.98,1063.41,1068.32,1072.7,1087.73,1063.34,1064.56,1066.26,1.72858,1043.71,1058.88,1060.8,1063.77,1070.64,1072.7,1086.22,1298.71,1298.9,1301.24,2.85694,1270.45,1276.43,1292.03,1298.71,1312.62,1319.11,1326.91,1295.0,1297.26,1298.62,2.95875,1270.26,1277.12,1284.79,1296.32,1310.52,1314.56,1330.34,1095.47,1091.39,1086.43,4.27403,1035.07,1063.32,1072.48,1088.2,1098.83,1102.4,1114.26,1090.86,1106.9,1083.45,4.22636,1024.87,1061.78,1070.76,1086.94,1093.97,1098.53,1104.22,1285.41,1293.77,1309.46,5.81467,1257.6,1273.98,1284.19,1298.56,1331.58,1346.26,1379.54,1280.3,1300.54,1300.29,5.51908,1242.88,1271.92,1278.43,1291.1,1321.25,1338.91,1356.6,-9999,-9999
2020,7.178,0.989185,6.136,1.821,0.998816,7.937,1.95,0.978142,7.8,6.22,1.976,8.966,2.146,7.203,0.989185,6.136,1.822,0.998816,7.999,1.959,0.978142,155.39,0.986111,155.524,156.513,0.986111,308.855,0.989185,305.377,308.875,0.989185,302.102,0.985257,308.085,302.085,0.985257,3.674,0.989185,3.874,3.68,0.989185,98.595,98.644,0.570697,675.808,832.033,0.99334,3.504,3.616,0.972108,0.5069645581671841,0.9684084699453552,89.44184398364324,0.976775956284153,311.1464798635161,0.9554872495446267,151.43222114291618,0.7151639344262295,24.50742547233607,0.9771174863387978,352.5354243308966,0.9780851548269581,414.468,0.992942,7.975,8.152,8.274,8.043,8.013,7.802,7.704,7.653,7.704,7.653,0.993682,0.996812,0.996812,0.996812,0.996812,0.9449,0.996812,0.996812,0.996812,0.996812,9.136,12.513,12.608,12.313,9.772,8.992,6.509,6.99,6.509,6.99,0.994877,0.996812,0.996812,0.996812,0.996812,0.945184,0.996186,0.996812,0.996186,0.996812,-9999,-9999,32.838,-9999,-9999,0.195121,33.2711,-9999,-9999,0.285221,-9999,-9999,22.8361,25.0437,-299.948,-309.018,0.968693,0.960781,5.49723,5.37968,10.2725,17.4581,-302.087,-297.875,0.970628,0.967384,5.52915,5.42556,10.2896,17.4723,-311.025,-316.158,0.966968,0.962341,3.09747,4.11703,-361.841,-319.193,-309.265,-304.865,-303.311,-301.837,-299.402,-373.013,-334.221,-319.658,-305.843,-303.126,-301.004,-297.965,0.934882,0.953552,0.958049,0.975808,0.976321,0.97171,0.967156,0.929872,0.948144,0.953552,0.975182,0.969376,0.961806,0.967555,2.78597,2.80929,0.759846,0.741556,0.969478,0.963351,0.0131646,0.0130102,0.0555935,0.0662187,-3.07583,-3.12759,3.72359,3.70859,0.962092,0.952603,0.0249302,0.0243739,0.0525645,0.0692494,2.76295,2.80013,0.75209,0.758986,0.971185,0.968582,0.0133487,0.013289,0.0556374,0.066274,-3.07139,-3.07634,3.71068,3.7247,0.964315,0.96047,0.0250296,0.0244929,0.0526117,0.0692914,2.63357,2.69058,2.71624,2.74418,2.77945,2.79861,2.82453,2.61291,2.67618,2.72035,2.75691,2.79266,2.80603,2.82423,0.9366,0.982651,0.977834,0.954095,0.96999,0.968701,0.967591,0.935719,0.982651,0.977834,0.970362,0.959565,0.960226,0.967591,-3.24594,-3.14738,-3.11399,-3.07377,-3.06178,-3.05483,-3.04632,-3.28326,-3.19147,-3.14946,-3.0839,-3.0643,-3.06183,-3.04987,0.925163,0.943735,0.953125,0.962365,0.969022,0.970211,0.971653,0.916944,0.936167,0.943739,0.959986,0.968408,0.968778,0.970484,1086.11,1094.26,1061.92,2.52995,1034.01,1042.84,1051.48,1059.44,1075.05,1079.62,1086.5,1074.05,1079.73,1065.17,2.71591,1033.84,1047.45,1054.44,1063.05,1077.62,1086.22,1090.14,1391.91,1392.14,1378.08,3.48255,1353.7,1361.93,1364.31,1371.27,1384.94,1389.67,1420.01,1391.67,1381.81,1376.19,2.65364,1353.94,1357.8,1364.71,1370.54,1386.54,1391.67,1409.29,1066.76,1115.06,1054.99,6.5603,994.806,1003.74,1015.07,1063.67,1078.68,1086.71,1109.13,1035.65,1064.34,1039.2,5.65308,955.994,995.74,1021.23,1046.55,1063.73,1070.39,1089.59,1333.63,1375.17,1344.99,3.99657,1300.97,1320.0,1332.32,1342.15,1354.41,1370.66,1387.18,1315.28,1332.01,1331.31,3.77976,1283.64,1302.89,1318.24,1334.39,1344.63,1359.29,1365.73,-9999,-9999
2021,7.998,0.990411,6.756,1.697,0.996986,8.983,2.066,0.983753,8.378,6.706,1.807,9.68,2.254,8.013,0.990411,6.754,1.693,0.996986,9.018,2.073,0.983753,155.174,0.99024,155.961,156.125,0.99024,311.959,0.990411,308.601,311.817,0.990411,309.386,0.989441,312.475,309.357,0.989441,3.633,0.990354,3.998,3.657,0.990354,98.61,98.709,0.968779,595.369,675.586,0.999658,3.356,3.47,0.97911,0.4680563149984682,0.9773972602739726,88.13676973715674,0.9819634703196347,455.5205092943786,0.6594748858447489,222.56972525104783,0.6594748858447489,24.611342955287682,0.9810502283105023,355.60619609475015,0.9823630136986301,417.174,0.992808,8.824,8.92,9.061,8.839,8.816,8.662,8.523,8.434,8.523,8.434,0.99258,0.996918,0.996918,0.996918,0.996918,0.996918,0.996918,0.996918,0.996918,0.996918,9.188,12.211,12.424,12.182,9.789,9.434,6.264,6.355,6.264,6.355,0.993379,0.997432,0.997432,0.997432,0.997432,0.997432,0.997432,0.997432,0.997432,0.997432,-9999,-9999,34.3891,-9999,-9999,0.208394,23.2695,-9999,-9999,0.207581,-9999,-9999,22.9041,24.9753,-247.517,-252.96,0.96153,0.948288,6.2531,6.75578,11.4172,14.3445,-240.563,-248.127,0.966039,0.956393,6.26122,6.35847,11.4216,14.1617,-242.799,-247.886,0.958787,0.948891,1.93676,1.91121,-267.765,-254.1,-248.6,-240.009,-235.494,-234.995,-231.162,-272.477,-261.135,-252.91,-247.474,-238.486,-235.827,-234.615,0.914269,0.949315,0.936301,0.96621,0.967295,0.970263,0.978824,0.914726,0.924829,0.930765,0.961187,0.971975,0.969749,0.973687,3.07154,3.10463,0.669266,0.638521,0.968831,0.956886,0.0158499,0.0191613,0.0809208,0.0743991,-3.08236,-3.13075,3.99706,3.99048,0.950644,0.935397,0.028128,0.02947,0.0990204,0.104972,3.06156,3.08828,0.703262,0.65062,0.973128,0.96206,0.0161221,0.0163562,0.0809746,0.0737265,-3.04504,-3.09728,3.99485,4.00743,0.956426,0.945959,0.0280296,0.0285015,0.0989925,0.104704,2.97603,2.99508,3.01697,3.06509,3.10262,3.15378,3.20951,3.00211,3.04807,3.06101,3.0924,3.16969,3.19185,3.21899,0.986295,0.979163,0.978813,0.976199,0.958461,0.935082,0.888923,0.978813,0.976199,0.976199,0.958139,0.936109,0.929047,0.926538,-3.27344,-3.16434,-3.13309,-3.04414,-3.00236,-2.97446,-2.94397,-3.32228,-3.2189,-3.16374,-3.09697,-3.03651,-3.0174,-2.9865,0.900492,0.924214,0.936789,0.956246,0.964812,0.967159,0.968979,0.882146,0.914238,0.923894,0.946333,0.957716,0.96235,0.966394,1202.11,1202.59,1224.0,5.51113,1194.09,1195.43,1198.73,1205.34,1251.83,1257.27,1283.45,1207.16,1194.34,1209.81,4.49535,1177.25,1192.41,1195.33,1199.67,1207.94,1250.92,1269.38,1446.71,1450.72,1471.88,7.18535,1427.47,1435.32,1440.17,1446.93,1502.76,1511.71,1549.59,1448.16,1434.9,1452.61,6.19445,1403.22,1427.43,1433.36,1439.8,1448.65,1501.36,1537.15,1167.97,1198.09,1192.76,9.88004,1067.06,1129.43,1154.72,1199.5,1229.25,1249.01,1277.31,1163.74,1200.16,1160.02,11.0875,1028.37,1075.89,1083.87,1181.78,1207.26,1228.02,1240.45,1416.9,1414.5,1415.15,7.78156,1317.76,1351.94,1378.15,1427.09,1445.03,1449.83,1482.6,1379.74,1414.79,1388.87,9.0247,1292.93,1318.07,1329.15,1398.58,1429.8,1435.52,1474.98,-9999,-9999
