TIMESTAMP,TA_F_MDS,TA_F_MDS_QC,TA_F_MDS_NIGHT,TA_F_MDS_NIGHT_SD,TA_F_MDS_NIGHT_QC,TA_F_MDS_DAY,TA_F_MDS_DAY_SD,TA_F_MDS_DAY_QC,TA_ERA,TA_ERA_NIGHT,TA_ERA_NIGHT_SD,TA_ERA_DAY,TA_ERA_DAY_SD,TA_F,TA_F_QC,TA_F_NIGHT,TA_F_NIGHT_SD,TA_F_NIGHT_QC,TA_F_DAY,TA_F_DAY_SD,TA_F_DAY_QC,SW_IN_F_MDS,SW_IN_F_MDS_QC,SW_IN_ERA,SW_IN_F,SW_IN_F_QC,LW_IN_F_MDS,LW_IN_F_MDS_QC,LW_IN_ERA,LW_IN_F,LW_IN_F_QC,LW_IN_JSB,LW_IN_JSB_QC,LW_IN_JSB_ERA,LW_IN_JSB_F,LW_IN_JSB_F_QC,VPD_F_MDS,VPD_F_MDS_QC,VPD_ERA,VPD_F,VPD_F_QC,PA_ERA,PA_F,PA_F_QC,P_ERA,P_F,P_F_QC,WS_ERA,WS_F,WS_F_QC,USTAR,USTAR_QC,NETRAD,NETRAD_QC,PPFD_IN,PPFD_IN_QC,PPFD_DIF,PPFD_DIF_QC,SW_OUT,SW_OUT_QC,LW_OUT,LW_OUT_QC,CO2_F_MDS,CO2_F_MDS_QC,TS_F_MDS_1,TS_F_MDS_2,TS_F_MDS_3,TS_F_MDS_4,TS_F_MDS_5,TS_F_MDS_6,TS_F_MDS_1_QC,TS_F_MDS_2_QC,TS_F_MDS_3_QC,TS_F_MDS_4_QC,TS_F_MDS_5_QC,TS_F_MDS_6_QC,SWC_F_MDS_1,SWC_F_MDS_2,SWC_F_MDS_3,SWC_F_MDS_4,SWC_F_MDS_5,SWC_F_MDS_6,SWC_F_MDS_1_QC,SWC_F_MDS_2_QC,SWC_F_MDS_3_QC,SWC_F_MDS_4_QC,SWC_F_MDS_5_QC,SWC_F_MDS_6_QC,G_F_MDS,G_F_MDS_QC,LE_F_MDS,LE_F_MDS_QC,LE_CORR,LE_RANDUNC,H_F_MDS,H_F_MDS_QC,H_CORR,H_RANDUNC,EBC_CF_N,EBC_CF_METHOD,NIGHT_RANDUNC_N,DAY_RANDUNC_N,NEE_CUT_REF,NEE_VUT_REF,NEE_CUT_REF_QC,NEE_VUT_REF_QC,NEE_CUT_REF_RANDUNC,NEE_VUT_REF_RANDUNC,NEE_CUT_REF_JOINTUNC,NEE_VUT_REF_JOINTUNC,NEE_CUT_USTAR50,NEE_VUT_USTAR50,NEE_CUT_USTAR50_QC,NEE_VUT_USTAR50_QC,NEE_CUT_USTAR50_RANDUNC,NEE_VUT_USTAR50_RANDUNC,NEE_CUT_USTAR50_JOINTUNC,NEE_VUT_USTAR50_JOINTUNC,NEE_CUT_MEAN,NEE_VUT_MEAN,NEE_CUT_MEAN_QC,NEE_VUT_MEAN_QC,NEE_CUT_SE,NEE_VUT_SE,NEE_CUT_05,NEE_CUT_16,NEE_CUT_25,NEE_CUT_50,NEE_CUT_75,NEE_CUT_84,NEE_CUT_95,NEE_VUT_05,NEE_VUT_16,NEE_VUT_25,NEE_VUT_50,NEE_VUT_75,NEE_VUT_84,NEE_VUT_95,NEE_CUT_05_QC,NEE_CUT_16_QC,NEE_CUT_25_QC,NEE_CUT_50_QC,NEE_CUT_75_QC,NEE_CUT_84_QC,NEE_CUT_95_QC,NEE_VUT_05_QC,NEE_VUT_16_QC,NEE_VUT_25_QC,NEE_VUT_50_QC,NEE_VUT_75_QC,NEE_VUT_84_QC,NEE_VUT_95_QC,NEE_CUT_REF_NIGHT,NEE_VUT_REF_NIGHT,NEE_CUT_REF_NIGHT_SD,NEE_VUT_REF_NIGHT_SD,NEE_CUT_REF_NIGHT_QC,NEE_VUT_REF_NIGHT_QC,NEE_CUT_REF_NIGHT_RANDUNC,NEE_VUT_REF_NIGHT_RANDUNC,NEE_CUT_REF_NIGHT_JOINTUNC,NEE_VUT_REF_NIGHT_JOINTUNC,NEE_CUT_REF_DAY,NEE_VUT_REF_DAY,NEE_CUT_REF_DAY_SD,NEE_VUT_REF_DAY_SD,NEE_CUT_REF_DAY_QC,NEE_VUT_REF_DAY_QC,NEE_CUT_REF_DAY_RANDUNC,NEE_VUT_REF_DAY_RANDUNC,NEE_CUT_REF_DAY_JOINTUNC,NEE_VUT_REF_DAY_JOINTUNC,NEE_CUT_USTAR50_NIGHT,NEE_VUT_USTAR50_NIGHT,NEE_CUT_USTAR50_NIGHT_SD,NEE_VUT_USTAR50_NIGHT_SD,NEE_CUT_USTAR50_NIGHT_QC,NEE_VUT_USTAR50_NIGHT_QC,NEE_CUT_USTAR50_NIGHT_RANDUNC,NEE_VUT_USTAR50_NIGHT_RANDUNC,NEE_CUT_USTAR50_NIGHT_JOINTUNC,NEE_VUT_USTAR50_NIGHT_JOINTUNC,NEE_CUT_USTAR50_DAY,NEE_VUT_USTAR50_DAY,NEE_CUT_USTAR50_DAY_SD,NEE_VUT_USTAR50_DAY_SD,NEE_CUT_USTAR50_DAY_QC,NEE_VUT_USTAR50_DAY_QC,NEE_CUT_USTAR50_DAY_RANDUNC,NEE_VUT_USTAR50_DAY_RANDUNC,NEE_CUT_USTAR50_DAY_JOINTUNC,NEE_VUT_USTAR50_DAY_JOINTUNC,NEE_CUT_05_NIGHT,NEE_CUT_16_NIGHT,NEE_CUT_25_NIGHT,NEE_CUT_50_NIGHT,NEE_CUT_75_NIGHT,NEE_CUT_84_NIGHT,NEE_CUT_95_NIGHT,NEE_VUT_05_NIGHT,NEE_VUT_16_NIGHT,NEE_VUT_25_NIGHT,NEE_VUT_50_NIGHT,NEE_VUT_75_NIGHT,NEE_VUT_84_NIGHT,NEE_VUT_95_NIGHT,NEE_CUT_05_NIGHT_QC,NEE_CUT_16_NIGHT_QC,NEE_CUT_25_NIGHT_QC,NEE_CUT_50_NIGHT_QC,NEE_CUT_75_NIGHT_QC,NEE_CUT_84_NIGHT_QC,NEE_CUT_95_NIGHT_QC,NEE_VUT_05_NIGHT_QC,NEE_VUT_16_NIGHT_QC,NEE_VUT_25_NIGHT_QC,NEE_VUT_50_NIGHT_QC,NEE_VUT_75_NIGHT_QC,NEE_VUT_84_NIGHT_QC,NEE_VUT_95_NIGHT_QC,NEE_CUT_05_DAY,NEE_CUT_16_DAY,NEE_CUT_25_DAY,NEE_CUT_50_DAY,NEE_CUT_75_DAY,NEE_CUT_84_DAY,NEE_CUT_95_DAY,NEE_VUT_05_DAY,NEE_VUT_16_DAY,NEE_VUT_25_DAY,NEE_VUT_50_DAY,NEE_VUT_75_DAY,NEE_VUT_84_DAY,NEE_VUT_95_DAY,NEE_CUT_05_DAY_QC,NEE_CUT_16_DAY_QC,NEE_CUT_25_DAY_QC,NEE_CUT_50_DAY_QC,NEE_CUT_75_DAY_QC,NEE_CUT_84_DAY_QC,NEE_CUT_95_DAY_QC,NEE_VUT_05_DAY_QC,NEE_VUT_16_DAY_QC,NEE_VUT_25_DAY_QC,NEE_VUT_50_DAY_QC,NEE_VUT_75_DAY_QC,NEE_VUT_84_DAY_QC,NEE_VUT_95_DAY_QC,RECO_NT_VUT_REF,RECO_NT_VUT_USTAR50,RECO_NT_VUT_MEAN,RECO_NT_VUT_SE,RECO_NT_VUT_05,RECO_NT_VUT_16,RECO_NT_VUT_25,RECO_NT_VUT_50,RECO_NT_VUT_75,RECO_NT_VUT_84,RECO_NT_VUT_95,RECO_NT_CUT_REF,RECO_NT_CUT_USTAR50,RECO_NT_CUT_MEAN,RECO_NT_CUT_SE,RECO_NT_CUT_05,RECO_NT_CUT_16,RECO_NT_CUT_25,RECO_NT_CUT_50,RECO_NT_CUT_75,RECO_NT_CUT_84,RECO_NT_CUT_95,GPP_NT_VUT_REF,GPP_NT_VUT_USTAR50,GPP_NT_VUT_MEAN,GPP_NT_VUT_SE,GPP_NT_VUT_05,GPP_NT_VUT_16,GPP_NT_VUT_25,GPP_NT_VUT_50,GPP_NT_VUT_75,GPP_NT_VUT_84,GPP_NT_VUT_95,GPP_NT_CUT_REF,GPP_NT_CUT_USTAR50,GPP_NT_CUT_MEAN,GPP_NT_CUT_SE,GPP_NT_CUT_05,GPP_NT_CUT_16,GPP_NT_CUT_25,GPP_NT_CUT_50,GPP_NT_CUT_75,GPP_NT_CUT_84,GPP_NT_CUT_95,RECO_DT_VUT_REF,RECO_DT_VUT_USTAR50,RECO_DT_VUT_MEAN,RECO_DT_VUT_SE,RECO_DT_VUT_05,RECO_DT_VUT_16,RECO_DT_VUT_25,RECO_DT_VUT_50,RECO_DT_VUT_75,RECO_DT_VUT_84,RECO_DT_VUT_95,RECO_DT_CUT_REF,RECO_DT_CUT_USTAR50,RECO_DT_CUT_MEAN,RECO_DT_CUT_SE,RECO_DT_CUT_05,RECO_DT_CUT_16,RECO_DT_CUT_25,RECO_DT_CUT_50,RECO_DT_CUT_75,RECO_DT_CUT_84,RECO_DT_CUT_95,GPP_DT_VUT_REF,GPP_DT_VUT_USTAR50,GPP_DT_VUT_MEAN,GPP_DT_VUT_SE,GPP_DT_VUT_05,GPP_DT_VUT_16,GPP_DT_VUT_25,GPP_DT_VUT_50,GPP_DT_VUT_75,GPP_DT_VUT_84,GPP_DT_VUT_95,GPP_DT_CUT_REF,GPP_DT_CUT_USTAR50,GPP_DT_CUT_MEAN,GPP_DT_CUT_SE,GPP_DT_CUT_05,GPP_DT_CUT_16,GPP_DT_CUT_25,GPP_DT_CUT_50,GPP_DT_CUT_75,GPP_DT_CUT_84,GPP_DT_CUT_95,RECO_SR,RECO_SR_N
2007,-9999,-9999,-9999,-9999,-9999,-9999,-9999,-9999,7.734,6.112,2.171,8.949,2.376,7.721,0.5754,6.334,2.06,0.574833,8.763,2.267,0.575624,-9999,-9999,160.8,160.8,5.71E-05,-9999,-9999,305.796,305.795,5.71E-05,-9999,-9999,304.13,296.952,0.532991,-9999,-9999,4.501,4.399,0.57403,98.285,98.305,0.425628,732.464,732.464,0,2.698,2.745,0.554509,0.534867572,0.549714612,84.86434803,0.5706621,NA,-9999,-9999,-9999,-9999,-9999,-9999,-9999,-9999,-9999,-9999,-9999,-9999,-9999,-9999,-9999,-9999,-9999,-9999,-9999,-9999,-9999,-9999,-9999,-9999,-9999,-9999,-9999,-9999,-9999,-9999,-9999,-9999,-9999,-9999,-9999,58.8523,-9999,-9999,0.0821496,40.44,-9999,-9999,0.421571,-9999,-9999,1.10685,0.652055,-1105.88,-1127.08,0.350913,0.327797,9.06046,9.11697,46.012,54.2003,-1111.96,-1126.45,0.359703,0.328767,8.90968,9.11523,45.9825,54.2,-1118.36,-1136.36,0.347721,0.315702,7.59655,7.1963,-1231.81,-1169.77,-1126.57,-1111.08,-1096.85,-1079.55,-1056.65,-1225.09,-1212.48,-1168.33,-1125.91,-1110.64,-1105.62,-1097.62,0.259189,0.304395,0.325742,0.367237,0.398573,0.413413,0.424087,0.281849,0.284589,0.229053,0.331621,0.348231,0.320662,0.385788,3.69581,3.65686,2.03146,2.10082,0.260737,0.238195,0.0301929,0.0303734,0.101894,0.141306,-8.19441,-8.24203,4.51751,4.42821,0.417984,0.394564,0.0392024,0.0394641,0.14123,0.120816,3.65483,3.65715,2.0177,2.09591,0.269432,0.239077,0.0297168,0.0303675,0.101754,0.141305,-8.19487,-8.24004,4.50702,4.42962,0.427413,0.395776,0.0384915,0.0394569,0.141034,0.120814,3.3444,3.51221,3.61835,3.64828,3.68062,3.70684,3.76026,3.37975,3.41174,3.52471,3.65044,3.66327,3.68774,3.71547,0.188763,0.161712,0.314834,0.240835,0.265265,0.248241,0.332091,0.18086,0.190364,0.215754,0.235509,0.281495,0.259455,0.231645,-8.45874,-8.34037,-8.24003,-8.19441,-8.10905,-8.06901,-8.01616,-8.4651,-8.40811,-8.32716,-8.24134,-8.19477,-8.17973,-8.11977,0.344098,0.370612,0.41271,0.417984,0.456285,0.477157,0.486774,0.342024,0.348083,0.27038,0.398263,0.425394,0.433538,0.167394,1279.73,1279.44,1283.04,6.1244,1231.07,1256.91,1265.39,1274.8,1281.29,1301.79,1366.44,1269.64,1277.85,1278.14,5.31568,1213.42,1256.07,1262.08,1274.04,1285.14,1288.63,1339.31,2405.46,2405.89,2419.4,6.43754,2357.42,2385.14,2391.12,2405.91,2439.43,2468.25,2493.52,2393.08,2389.81,2396.5,7.27406,2338.05,2351.73,2358.05,2391.23,2410.6,2440.17,2482.56,-9999,-9999,-9999,-9999,-9999,-9999,-9999,-9999,-9999,-9999,-9999,-9999,-9999,-9999,-9999,-9999,-9999,-9999,-9999,-9999,-9999,-9999,-9999,-9999,-9999,-9999,-9999,-9999,-9999,-9999,-9999,-9999,-9999,-9999,-9999,-9999,-9999,-9999,-9999,-9999,-9999,-9999,-9999,-9999,-9999,-9999
2008,6.557,1,5.335,1.887,1,7.491,2.084,1,6.484,4.976,2.088,7.676,2.27,6.557,1,5.335,1.887,1,7.491,2.084,1,150.51,0.999089,156.179,150.528,0.999089,294.836,0.998577,301.922,294.848,0.998577,300.742,0.999089,298.946,300.725,0.999089,3.556,1,3.557,3.556,1,98.202,98.184,0.997211,944.659,944.659,0,2.657,2.841,0.978256,0.550317343,0.973246812,71.37647462,0.995560109,303.8518679,0.998576958,-9999,-9999,-9999,-9999,-9999,-9999,384.317,0.999886,7.982,-9999,-9999,-9999,-9999,-9999,1,-9999,-9999,-9999,-9999,-9999,10.357,-9999,-9999,-9999,-9999,-9999,1,-9999,-9999,-9999,-9999,-9999,-9999,-9999,31.4994,-9999,-9999,0.164218,32.358,-9999,-9999,0.231714,-9999,-9999,22.929,25.0519,-364.769,-367.452,0.988331,0.98742,4.76947,4.72308,8.63239,7.08449,-365.854,-366.85,0.989583,0.987876,4.86598,4.72982,8.68608,7.08899,-365.386,-367.213,0.983765,0.982458,1.11037,0.797694,-380.29,-373.349,-368.202,-365.225,-361.625,-358.959,-354.7,-378.249,-372.351,-369.065,-366.675,-363.53,-361.79,-361.39,0.940061,0.976093,0.984916,0.988103,0.992202,0.993397,0.995845,0.943477,0.974954,0.983151,0.990494,0.989014,0.992429,0.991974,2.39563,2.38613,0.682301,0.670473,0.996338,0.995905,0.011461,0.0112051,0.0148928,0.0141563,-3.14944,-3.15763,3.5632,3.55097,0.981568,0.980483,0.021643,0.021496,0.0425451,0.0367037,2.39799,2.38412,0.721583,0.672558,0.99673,0.996338,0.0119149,0.0112317,0.0152449,0.0141774,-3.15531,-3.15318,3.58139,3.55116,0.983762,0.980866,0.0219813,0.0215221,0.0427182,0.036719,2.38492,2.38887,2.39141,2.39563,2.40181,2.4079,2.42053,2.38503,2.38657,2.38887,2.39561,2.4009,2.40387,2.42842,0.998425,0.997051,0.998254,0.996338,0.998408,0.999804,0.990016,0.99473,0.99473,0.997051,0.996338,0.99673,0.992321,0.960222,-3.2376,-3.19587,-3.17273,-3.15167,-3.13084,-3.12262,-3.1056,-3.24172,-3.19376,-3.17167,-3.15655,-3.14793,-3.13426,-3.12913,0.94338,0.967214,0.976286,0.981193,0.987105,0.988324,0.990114,0.930586,0.965524,0.975614,0.978759,0.982892,0.987011,0.987841,952.983,950.988,962.766,3.07979,944.751,947.535,949.757,953.723,971.755,979.106,1002.27,953.423,950.556,960.336,3.2593,944.08,945.422,946.579,951.894,966.688,980.811,990.966,1321.37,1317.84,1329.98,3.78088,1307.26,1311.05,1312.81,1320.43,1342.39,1350.6,1383.23,1318.65,1316.41,1325.72,4.2053,1298.39,1303.65,1308.2,1316.66,1334.89,1357.05,1365.73,943.973,940.733,952.079,5.72165,916.507,926.972,934.602,942.544,951.725,960.318,1045.6,934.014,940.457,944.031,5.78025,913.436,919.368,924,933.902,946.096,951.725,1033.56,1260.01,1255.28,1282.53,6.34215,1240.73,1258.58,1260.32,1272.41,1280.93,1294.29,1366.78,1269.97,1276.59,1278.26,6.28334,1251.93,1258.07,1258.88,1264.46,1276.58,1287.63,1366.78,-9999,-9999
2009,6.358,0.999772,5.077,1.755,1,7.363,2.085,0.99962,6.223,4.673,2.014,7.447,2.28,6.358,0.999772,5.077,1.755,1,7.363,2.085,0.99962,153.299,0.999829,155.087,153.3,0.999829,297.034,0.826142,298.949,297.746,0.826142,296.096,0.9996,294.966,296.088,0.9996,3.438,0.999772,3.426,3.438,0.999772,98.273,98.228,0.989669,909.413,909.413,0,2.557,2.739,0.974943,0.519503285,0.972716895,70.68158192,0.988755708,300.6415776,0.991324201,-9999,-9999,-9999,-9999,-9999,-9999,384.953,0.999772,7.542,-9999,-9999,-9999,-9999,-9999,0.999943,-9999,-9999,-9999,-9999,-9999,11.152,-9999,-9999,-9999,-9999,-9999,0.999943,-9999,-9999,-9999,-9999,-9999,-9999,-9999,29.0659,-9999,-9999,0.158719,34.0286,-9999,-9999,0.231322,-9999,-9999,22.9068,25.0603,-314.971,-315.654,0.983619,0.983505,4.64008,4.64647,9.9235,9.25272,-315.941,-315.54,0.987215,0.983562,4.63312,4.64359,9.92025,9.25127,-317.883,-318.192,0.97878,0.978375,1.99458,1.80279,-349.328,-325.969,-321.106,-315.151,-310.936,-308.425,-305.312,-349.444,-326,-319.958,-315.757,-312.785,-309.998,-305.919,0.923801,0.967237,0.9754,0.9871,0.992066,0.994977,0.993265,0.933619,0.967637,0.975514,0.97734,0.991781,0.992009,0.992922,2.29198,2.29303,0.602489,0.599146,0.988697,0.988697,0.0116773,0.0116302,0.0231157,0.0247363,-2.84898,-2.85333,3.30352,3.30399,0.977507,0.977324,0.020864,0.0209228,0.0409616,0.0359722,2.27637,2.28961,0.600209,0.600221,0.995396,0.988697,0.0116074,0.0116275,0.0230805,0.024735,-2.84326,-2.85096,3.31151,3.3032,0.979716,0.977419,0.0208709,0.0209078,0.0409652,0.0359634,2.25402,2.26803,2.27503,2.28564,2.30382,2.30793,2.33195,2.25172,2.26642,2.27573,2.28973,2.30375,2.31009,2.33263,0.975525,0.926052,0.995396,0.989994,0.985149,0.998912,0.998912,0.957619,0.932868,0.995396,0.980668,0.985149,0.998912,0.998912,-3.00296,-2.89342,-2.87336,-2.84665,-2.82888,-2.82292,-2.81862,-3.00405,-2.89033,-2.86658,-2.85254,-2.83907,-2.83181,-2.82696,0.916175,0.960558,0.965288,0.981868,0.987638,0.98847,0.992953,0.926615,0.960546,0.963142,0.977138,0.985205,0.985948,0.987299,954.175,955.088,966.678,3.43884,942.625,950.848,954.262,961.055,967.698,977.945,1010.47,956.091,942.625,967.891,4.71602,936.861,942.611,951.341,959.736,968.426,978.271,1040.47,1269.52,1270.63,1284.87,5.03543,1258.57,1263.79,1266.86,1272.02,1284.18,1303.94,1355.25,1271.82,1258.57,1285.77,6.49615,1245,1257.72,1263.44,1270.41,1284.17,1304.24,1384.47,952.02,944.738,960.609,4.51029,920.091,935.228,942.533,959.414,969.071,974.912,1009.96,939.84,947.242,952.26,6.18101,893.861,902.947,926.958,945.917,967.528,981.113,1020.16,1233.85,1229.76,1242.08,3.05169,1205.7,1227,1233.3,1238.6,1249.9,1257.34,1274.04,1241.76,1230.42,1238.99,4.91054,1201.85,1205.88,1222.06,1233.52,1249.57,1257.34,1305.79,-9999,-9999
2010,8.392,0.999543,7.047,1.714,1,9.429,2.132,0.999148,8.275,6.692,1.937,9.523,2.296,8.394,0.999543,7.047,1.714,1,9.432,2.128,0.999148,157.037,0.999258,155.818,156.953,0.999258,309.467,0.999258,307.189,309.494,0.999258,308.947,0.999144,305.995,308.986,0.999144,4.189,0.999543,4.191,4.189,0.999543,98.185,98.157,0.987158,839.905,839.905,0,2.622,2.777,0.953938,0.539833774,0.953938356,82.87276641,0.907305936,307.090332,0.995490868,-9999,-9999,-9999,-9999,-9999,-9999,387.223,0.997089,8.858,8.997,-9999,-9999,-9999,-9999,1,0.9996,-9999,-9999,-9999,-9999,12.037,12.438,-9999,-9999,-9999,-9999,1,0.999144,-9999,-9999,-9999,-9999,-9999,-9999,34.3813,-9999,-9999,0.186104,34.0668,-9999,-9999,0.225515,-9999,-9999,22.9205,24.9589,-244.897,-245.167,0.97597,0.978082,4.69659,4.66298,6.80934,6.88676,-247.069,-245.167,0.977797,0.978082,4.67394,4.66298,6.79373,6.88676,-240.469,-241.533,0.971036,0.972412,1.5586,1.27591,-247.923,-247.033,-244.696,-243.178,-239.659,-237.172,-228.244,-247.82,-247.441,-245.356,-243.855,-242.008,-237.305,-228.233,0.978881,0.977226,0.978196,0.981906,0.987957,0.986244,0.93282,0.978881,0.979852,0.978425,0.975628,0.969692,0.986644,0.949943,2.53891,2.54285,0.673454,0.68802,0.990248,0.991732,0.0132366,0.0129971,0.0257726,0.0221025,-2.64941,-2.65033,3.37423,3.39308,0.965821,0.968649,0.0204474,0.0203816,0.023542,0.0235702,2.53941,2.54285,0.683456,0.68802,0.991732,0.991732,0.0129692,0.0129971,0.0256363,0.0221025,-2.65685,-2.65033,3.39088,3.39308,0.968032,0.968649,0.0204574,0.0203816,0.0235507,0.0235702,2.52151,2.52739,2.53259,2.54497,2.55428,2.57162,2.64248,2.51849,2.52295,2.527,2.53855,2.54836,2.55871,2.6399,0.992267,0.992267,0.992397,0.991732,0.996326,0.982487,0.971751,0.992267,0.992267,0.987335,0.985953,0.990561,0.992397,0.971881,-2.66198,-2.65542,-2.65287,-2.64419,-2.63515,-2.63209,-2.62323,-2.66287,-2.65778,-2.65395,-2.64597,-2.6351,-2.6341,-2.62645,0.960689,0.963852,0.965165,0.91282,0.974324,0.987145,0.980488,0.944296,0.962504,0.970189,0.965418,0.974812,0.978878,0.98039,1018.38,1017.3,1027.77,3.05874,1008.86,1014.85,1016.31,1020.65,1029.95,1031.86,1071.05,1027.74,1016.05,1032.53,4.50497,1008.88,1015,1017.32,1027.27,1031.86,1050.19,1073.46,1263.55,1262.46,1269.3,2.05459,1255.52,1259.43,1261.3,1263.74,1271.59,1278.89,1294.61,1271.59,1263.12,1273,3.11243,1256.52,1260.35,1262.09,1265.99,1274.15,1291.22,1304.11,992.298,1022.15,972.189,6.40813,895.387,915.135,937.858,980.878,994.535,1019.91,1028.47,988.98,988.866,974.184,6.73946,883.598,924.532,937.858,976.765,1010.99,1021.98,1033.08,1190.26,1211.1,1183.02,3.81768,1141.32,1151.39,1167.11,1187.6,1198.56,1210.86,1218.2,1191.22,1187.72,1184.31,4.20056,1141.32,1150.42,1159.46,1189.33,1204.55,1214.9,1219.41,-9999,-9999
2011,7.431,1,6.275,1.803,1,8.322,2.154,1,7.482,5.971,2.023,8.67,2.279,7.431,1,6.275,1.803,1,8.322,2.154,1,151.785,0.999829,154.764,151.787,0.999829,313.287,0.983733,304.353,313.032,0.983733,302.577,0.999829,302.198,302.575,0.999829,3.889,1,3.851,3.889,1,98.189,98.15,0.99726,902.412,902.412,0,2.631,2.762,0.949315,0.524522033,0.935901826,74.0002674,0.720605023,298.2357187,1,-9999,-9999,29.3019628,0.8875,359.1179247,0.797659817,387.059,0.998973,8.208,8.293,-9999,-9999,-9999,-9999,1,1,-9999,-9999,-9999,-9999,11.7,11.878,-9999,-9999,-9999,-9999,1,0.999886,-9999,-9999,-9999,-9999,-9999,-9999,30.0966,-9999,-9999,0.173403,34.682,-9999,-9999,0.228806,-9999,-9999,22.9123,25.0795,-325.96,-329.447,0.97968,0.976655,4.91471,4.88504,9.03086,9.00079,-318.76,-329.757,0.982306,0.978196,5.0668,4.88742,9.11453,9.00209,-324.016,-325.186,0.972964,0.969999,1.23073,1.3824,-335.818,-333.479,-331.824,-321.14,-318.952,-318.326,-315.079,-338.707,-333.732,-331.916,-326.112,-319.349,-318.612,-316.196,0.9629,0.970148,0.97597,0.984817,0.989441,0.989212,0.994349,0.923116,0.970205,0.968664,0.980822,0.982192,0.989269,0.987158,2.3946,2.39284,0.62975,0.623753,0.995506,0.994046,0.01171,0.0115082,0.0275425,0.0219792,-2.96252,-2.97808,3.45,3.45261,0.966105,0.961002,0.0224068,0.0223283,0.0478628,0.0485967,2.41452,2.38154,0.643321,0.626152,0.996085,0.994046,0.0119116,0.0115009,0.0276289,0.0219754,-2.94402,-2.97048,3.44612,3.45001,0.970251,0.964137,0.0231698,0.0223448,0.0482247,0.0486043,2.32803,2.36111,2.37363,2.38744,2.3946,2.41097,2.41803,2.36133,2.37425,2.38134,2.3901,2.39592,2.4117,2.4228,0.999609,0.998294,0.983013,0.994046,0.995506,0.997213,0.996085,0.998294,0.998199,0.99374,0.997323,0.981253,0.997213,0.980427,-3.01731,-2.99664,-2.98703,-2.94139,-2.91873,-2.91205,-2.89507,-3.02043,-3.00506,-2.99405,-2.96164,-2.9247,-2.91873,-2.91332,0.897399,0.952232,0.951311,0.971586,0.97779,0.982678,0.987116,0.936769,0.904532,0.958939,0.967611,0.980644,0.97779,0.982492,993.293,991.951,988.59,3.62006,948.888,965.419,968.27,990.861,999.22,1009.15,1026.73,993.093,990.616,983.36,3.94974,943.889,950.231,963.997,987.322,996.926,1004.88,1024.97,1316.62,1321.71,1313.78,4.14591,1268.62,1283.82,1287.96,1320.6,1331.27,1338.02,1357.58,1321.84,1309.38,1307.38,4.53533,1264.94,1271.61,1283.82,1307.22,1330.51,1335.76,1349.18,998.876,982.771,999.591,4.18405,949.48,980.999,986.644,997.457,1013.87,1027.56,1037.61,1002.29,1025.1,1003.08,3.47416,975.418,982.343,984.699,999.862,1020.72,1026.3,1040.38,1251.8,1244.04,1270.06,2.59173,1245.56,1254.62,1260.8,1269.36,1284.42,1288.12,1291.88,1268.5,1281.4,1269.75,2.54658,1241.84,1251.6,1258.5,1268.5,1281.54,1286.78,1293.03,-9999,-9999
2012,8.912,0.992543,7.706,1.907,1,9.801,2.183,0.986138,8.853,7.222,2.136,10.091,2.384,8.923,0.992543,7.706,1.907,1,9.828,2.188,0.986138,156.563,0.992942,157.357,157.013,0.992942,314.327,0.989469,309.79,314.21,0.989469,311.461,0.992486,309.476,311.337,0.992486,4.662,0.992543,4.575,4.67,0.992543,98.195,98.179,0.98298,781.956,781.956,0,2.651,2.846,0.920936,0.539056497,0.906989982,87.29781577,0.88416439,308.3643203,0.982354281,-9999,-9999,26.05842519,0.893784153,363.9559944,0.905054645,394.661,0.993796,8.973,9.117,-9999,-9999,-9999,-9999,0.996357,0.994479,-9999,-9999,-9999,-9999,11.36,11.828,-9999,-9999,-9999,-9999,0.996357,0.990779,-9999,-9999,-9999,-9999,-9999,-9999,36.7028,-9999,-9999,0.198012,31.0611,-9999,-9999,0.225312,-9999,-9999,22.9372,25.0219,-371.698,-371.813,0.972336,0.967612,5.50803,5.45411,7.54236,7.51108,-370.505,-372.101,0.974613,0.968295,5.55592,5.49585,7.5774,7.54145,-369.137,-369.357,0.96692,0.960074,0.813725,0.763748,-375.805,-373.651,-372.952,-371.276,-365.134,-363.346,-359.757,-375.879,-373.832,-372.923,-370.779,-365.701,-363.503,-361.532,0.958333,0.973873,0.965278,0.966815,0.930783,0.984631,0.91439,0.96135,0.962546,0.964822,0.974727,0.982184,0.899476,0.932491,2.79089,2.79754,0.664877,0.64978,0.98947,0.985813,0.0128733,0.0128911,0.0581909,0.0609152,-3.40132,-3.40454,3.83799,3.83238,0.959614,0.954257,0.0251698,0.0248679,0.0490916,0.0378595,2.77361,2.79494,0.665458,0.649172,0.98956,0.987043,0.0130101,0.0128232,0.0582213,0.0609008,-3.384,-3.40567,3.84085,3.84224,0.963238,0.954454,0.0253748,0.0251304,0.049197,0.0380325,2.6989,2.71587,2.71736,2.7671,2.80627,2.82937,2.85717,2.71183,2.72073,2.75424,2.79089,2.83224,2.8398,2.85766,0.995425,0.991575,0.995046,0.989712,0.984981,0.976532,0.961881,0.993625,0.994563,0.98982,0.98947,0.975136,0.981957,0.957399,-3.4331,-3.41542,-3.408,-3.384,-3.35654,-3.33112,-3.30027,-3.43699,-3.41399,-3.4103,-3.39668,-3.37181,-3.35689,-3.34701,0.942452,0.930646,0.918806,0.858114,0.967933,0.972521,0.976117,0.939738,0.903526,0.932853,0.924714,0.966126,0.971138,0.971974,1140.56,1141.11,1134.96,3.26337,1100.75,1108.08,1121.01,1135.74,1148.58,1152.88,1156,1135.58,1124.74,1126.65,3.55983,1091.3,1101.99,1106.59,1124.92,1140.98,1151.43,1154.63,1507.95,1513.21,1504.32,3.00505,1466.45,1482.18,1490.93,1507.95,1513.75,1517.7,1527.89,1507.59,1495.25,1495.79,3.64512,1454.54,1463.91,1479.65,1497.13,1512.86,1515.87,1524.64,1071.89,1049.62,1063.33,4.39191,1020.85,1038.01,1041.81,1061.6,1075,1081.04,1086.95,1070.94,1094.86,1059.91,4.54074,1024.73,1030.05,1038.3,1059.92,1074.26,1077.26,1085.42,1430.9,1401.17,1407.58,3.46207,1366.55,1386.07,1400.59,1408.96,1418.11,1420.06,1441.2,1405.46,1423.96,1403.32,3.88613,1359.2,1378.77,1386.43,1404.78,1414.31,1431.98,1441.74,-9999,-9999
2013,6.448,0.94355,5.305,1.882,0.953055,7.312,2.123,0.929488,6.415,4.878,2.088,7.589,2.252,6.463,0.94355,5.329,1.892,0.953055,7.315,2.121,0.929488,151.473,0.943893,155.404,152.616,0.943893,305.529,0.94355,302.209,304.631,0.94355,297.896,0.942808,299.329,299.032,0.942808,3.688,0.94355,3.554,3.689,0.94355,98.283,98.28,0.929852,903.408,903.408,0,2.662,2.809,0.898858,0.525448516,0.890068493,82.37831133,0.926883562,320.5640691,0.926997717,-9999,-9999,26.95281023,0.819863014,358.2101783,0.927054795,399.412,0.949429,8.18,7.95,-9999,-9999,-9999,-9999,0.997489,0.995833,-9999,-9999,-9999,-9999,10.887,8.145,-9999,-9999,-9999,-9999,0.997489,0.992295,-9999,-9999,-9999,-9999,-9999,-9999,28.3388,-9999,-9999,0.165887,32.0741,-9999,-9999,0.221909,-9999,-9999,22.9151,25.011,-276.572,-274.975,0.920662,0.916267,5.01665,5.02852,8.20265,9.95024,-276.934,-278.368,0.925228,0.916895,5.07239,5.05093,8.23686,9.96158,-273.092,-270.658,0.916902,0.908717,1.29879,1.34778,-280.827,-279.369,-278.685,-276.572,-268.051,-266.39,-254.452,-280.05,-278.748,-277.579,-274.782,-266.382,-261.576,-255.759,0.940753,0.931678,0.930023,0.920662,0.88145,0.871461,0.897888,0.933619,0.930822,0.936073,0.923345,0.871461,0.908847,0.896632,2.65935,2.67128,0.604614,0.593204,0.939176,0.937737,0.0118975,0.0119322,0.0730111,0.0578765,-2.96393,-2.96855,3.59281,3.58625,0.900638,0.89417,0.0230623,0.0231731,0.0316436,0.0268248,2.63315,2.66453,0.614678,0.592114,0.944961,0.937737,0.0123155,0.0120151,0.0730803,0.0578937,-2.9481,-2.97823,3.60349,3.58722,0.904617,0.895287,0.0230474,0.0232167,0.0316328,0.0268625,2.54804,2.57572,2.59301,2.63276,2.69288,2.71979,2.75558,2.59163,2.62576,2.63269,2.66447,2.70044,2.73903,2.75603,0.951111,0.948919,0.947799,0.9448,0.932266,0.931153,0.922543,0.948141,0.947588,0.9448,0.937737,0.903471,0.919864,0.929391,-2.97134,-2.95973,-2.95364,-2.94519,-2.93201,-2.9164,-2.90772,-2.97358,-2.96566,-2.95768,-2.94978,-2.9424,-2.93864,-2.92477,0.846192,0.891664,0.787383,0.903347,0.876323,0.923865,0.928725,0.896871,0.892739,0.899275,0.913221,0.856223,0.907611,0.872208,1060.6,1061.98,1072.22,5.21201,1026.61,1037.82,1042.22,1060.6,1105.45,1109.1,1116.64,1055.94,1042.91,1062.08,5.05489,1024.21,1028.2,1037,1053.85,1086.51,1105.16,1114.32,1337.21,1340.35,1342.88,4.11036,1304.27,1316.95,1318.75,1338.63,1368.22,1373.13,1376.63,1330.14,1319.85,1335.17,3.97904,1304.25,1306.82,1315.83,1329.01,1353.65,1365.96,1378.37,1112.27,1105.02,1116.98,7.84887,1069.46,1076.88,1083.1,1102.79,1126.59,1145.88,1253.54,1087.12,1092.06,1105.26,7.86927,1044.08,1066.07,1075.48,1094.84,1116.6,1146.4,1180.08,1343.89,1357.6,1361.66,5.02325,1318.51,1338.5,1343.89,1355.43,1370.55,1377.49,1437.13,1346.35,1357.68,1347.07,5.11896,1281.99,1313.44,1320.77,1348.62,1364.91,1375.93,1393.15,-9999,-9999
2014,5.843,0.809589,4.595,1.748,0.818005,6.881,2.07,0.801964,5.109,3.474,2.092,6.374,2.308,5.306,0.809589,4.134,1.88,0.818005,6.226,2.13,0.801964,150.333,0.809703,148.764,149.051,0.809703,301.205,0.809589,299.851,301.503,0.809589,293.264,0.808847,296.173,295.11,0.808847,3.462,0.809532,3.249,3.28,0.809532,98.202,98.195,0.800913,1042.748,1042.748,0,2.664,2.851,0.756107,0.528213367,0.748401826,90.98142265,0.800799087,339.4257854,0.800913242,-9999,-9999,28.81006357,0.678481735,356.011479,0.800856164,402.299,0.814155,8.678,7.772,-9999,-9999,-9999,-9999,0.810445,0.81718,-9999,-9999,-9999,-9999,8.188,10.801,-9999,-9999,-9999,-9999,0.810502,0.817237,-9999,-9999,-9999,-9999,-9999,-9999,27.525,-9999,-9999,0.170165,29.0826,-9999,-9999,0.235963,-9999,-9999,19.5014,22.8822,-289.762,-291.399,0.79024,0.792466,6.08421,6.11478,7.26594,7.41298,-290.667,-291.643,0.792808,0.792865,6.078,6.07816,7.26075,7.3828,-292.888,-293.973,0.785638,0.78589,0.671506,0.634424,-303.393,-297.068,-296.089,-292.941,-289.595,-289.124,-287.369,-300.698,-298.627,-296.547,-293.535,-291.205,-290.245,-289.06,0.806963,0.799829,0.751941,0.797032,0.785959,0.783847,0.784304,0.719463,0.800628,0.799543,0.75742,0.781735,0.783961,0.788984,2.75293,2.75272,0.577776,0.588121,0.80005,0.801501,0.0124504,0.0124717,0.0694778,0.0689026,-3.10655,-3.10891,3.6303,3.62942,0.782529,0.78544,0.0277952,0.027947,0.0474515,0.0447411,2.75796,2.75279,0.582547,0.58836,0.80141,0.801501,0.0124658,0.0124671,0.0694806,0.0689017,-3.11297,-3.11121,3.63447,3.63167,0.786307,0.786307,0.027759,0.0277593,0.0474302,0.0446241,2.61009,2.66971,2.70924,2.74621,2.7913,2.80641,2.83228,2.63024,2.66362,2.70315,2.74662,2.78557,2.79915,2.81592,0.813831,0.808983,0.806054,0.802054,0.796396,0.785812,0.766028,0.812962,0.809074,0.806145,0.800826,0.742981,0.780047,0.773658,-3.19239,-3.16181,-3.14159,-3.11002,-3.09199,-3.08489,-3.0662,-3.19084,-3.15637,-3.14057,-3.10831,-3.09088,-3.08649,-3.06671,0.719121,0.745636,0.767848,0.779905,0.790962,0.797097,0.80196,0.699872,0.758276,0.767805,0.786393,0.789105,0.796017,0.802779,1095.97,1096.24,1094.87,5.75047,1044.4,1049.43,1059.68,1092.15,1122.72,1135.23,1150.79,1115.53,1096.24,1093.86,5.68833,1043.28,1048.98,1058.61,1091.69,1127.56,1134.8,1141.66,1384.34,1387.88,1388.84,5.42608,1345.65,1348.65,1354.84,1384.48,1412.62,1427.09,1437.21,1404.63,1386.91,1386.75,5.22607,1341.68,1346.68,1352.48,1384.25,1416.63,1425.16,1430.89,1100.87,1095.79,1106.71,6.69385,1030.71,1056.01,1064.38,1110.4,1134.53,1141.41,1153.83,1118.08,1095.79,1106.68,7.82853,1030.71,1042.89,1058.84,1107.83,1137.43,1152.19,1201.41,1280.92,1258.15,1276.71,4.33282,1220.25,1248.22,1259.44,1279.03,1298.69,1307.3,1311.54,1257.67,1258.15,1277.77,4.65914,1222.14,1250.93,1254.9,1270,1297.76,1305.01,1315.62,-9999,-9999
2015,7.055,0.975171,5.808,1.98,0.986301,8.031,2.199,0.964384,7,5.294,2.29,8.331,2.474,7.079,0.975171,5.8,1.994,0.986301,8.07,2.246,0.964384,158.064,0.975913,155.314,158.198,0.975913,300.405,0.975171,303.015,300.554,0.975171,303.546,0.944806,300.408,302.14,0.944806,2.877,0.944977,3.761,3.145,0.944977,98.332,98.329,0.964669,886.062,886.062,0,2.715,2.849,0.969406,0.528216372,0.968093607,79.32188103,0.964383562,315.2121095,0.94880137,-9999,-9999,23.73775958,0.963299087,351.3375468,0.964383562,401.846,0.984532,7.61,8.183,8.254,8.134,8.066,7.76,0.140411,0.999943,0.999943,0.999943,0.999943,0.999943,7.979,11.002,10.807,7.582,8.637,-9999,0.999543,0.999543,0.999543,0.999543,0.999543,-9999,-9999,-9999,29.5918,-9999,-9999,0.148541,34.2635,-9999,-9999,0.220671,-9999,-9999,21.8411,23.8137,-330.683,-343.065,0.97226,0.975457,4.74611,4.72774,20.8156,19.5755,-336.331,-343.15,0.973402,0.975685,4.76063,4.72412,20.8189,19.5746,-328.527,-335.247,0.967603,0.972741,3.1161,2.59264,-351.334,-348.666,-343.487,-336.98,-312.41,-308.132,-303.278,-351.793,-350.481,-348.716,-343.065,-322.955,-312.489,-307.176,0.981393,0.978995,0.977112,0.973459,0.967123,0.966381,0.947374,0.98105,0.980194,0.979338,0.975457,0.97129,0.967123,0.964498,2.58947,2.5638,0.59072,0.620049,0.98362,0.984193,0.010941,0.0112035,0.077855,0.0716921,-3.21536,-3.25079,3.67786,3.71817,0.961924,0.967678,0.021832,0.0215902,0.0420678,0.0389697,2.57683,2.56201,0.598676,0.621524,0.98362,0.984193,0.0109746,0.011212,0.0778597,0.0716935,-3.23219,-3.24921,3.68979,3.72241,0.964078,0.968109,0.0218932,0.0215681,0.0420996,0.0389574,2.51959,2.53562,2.5489,2.57279,2.66269,2.68978,2.70546,2.51089,2.51976,2.52775,2.55762,2.61962,2.66138,2.6968,0.98543,0.98543,0.984633,0.98362,0.983401,0.979478,0.967425,0.986052,0.985056,0.98543,0.983924,0.98362,0.982226,0.979478,-3.25511,-3.25092,-3.24668,-3.23205,-3.18797,-3.17901,-3.17574,-3.25647,-3.25079,-3.24946,-3.24368,-3.20512,-3.1859,-3.17708,0.974145,0.976198,0.973173,0.964164,0.914522,0.95,0.955157,0.974876,0.967678,0.973036,0.971031,0.937259,0.95313,0.955402,1051.43,1048.12,1053.87,7.15215,1005.52,1008.73,1013.8,1047.78,1078.29,1102.49,1137.11,1072.04,1057.12,1072.2,8.00435,1009.75,1016.44,1036.77,1054.54,1102.65,1128.1,1161.59,1393.14,1391.27,1389.12,4.7255,1357.08,1360.88,1363.29,1389.65,1398.86,1414.9,1450.69,1397.25,1393.46,1400.72,5.15498,1360.69,1365.13,1380.13,1394.14,1414.85,1440.6,1461.2,1114.01,1116,1158.59,9.47467,1089.74,1099.01,1106.47,1128.21,1215.01,1236.07,1248.76,1138.36,1189.22,1176.44,10.114,1092.98,1105.49,1115.39,1174.75,1236.68,1243.41,1267.91,1316.49,1298.5,1323.08,6.4166,1260.86,1282.19,1291.54,1313.42,1356.17,1376.46,1384.97,1312.04,1372.56,1330.89,7.01245,1259.89,1290.23,1295.47,1333.7,1371.23,1376.47,1393.18,-9999,-9999
2016,8.177,0.986566,6.941,1.749,1,9.13,2.12,0.974677,8.257,6.51,2.035,9.605,2.332,8.197,0.986566,6.941,1.749,1,9.169,2.109,0.974677,156.821,0.987306,156.849,156.964,0.987306,310.03,0.986566,309.658,310.074,0.986566,309.582,0.986225,309.3,309.577,0.986225,4.062,0.986566,4.131,4.07,0.986566,98.261,98.265,0.972791,841.896,841.896,0,2.652,2.797,0.971824,0.515732228,0.967839253,83.36608962,0.972279144,326.1256213,0.923952641,-9999,-9999,23.2077818,0.970173042,358.9312767,0.972222222,405.022,0.998918,8.98,9.066,9.138,9.001,8.956,8.667,0.998577,0.999089,0.999089,0.999089,0.999089,0.999089,7.819,9.889,11.838,11.082,7.869,8.456,0.58248,0.998634,0.998634,0.998634,0.998634,0.998634,-9999,-9999,30.3821,-9999,-9999,0.163385,31.5828,-9999,-9999,0.218686,-9999,-9999,22.9372,25.0519,-376.155,-367.87,0.977744,0.988103,5.81003,5.92968,10.8724,9.18153,-375.85,-366.985,0.9815,0.988274,5.77591,5.93206,10.8542,9.18307,-377.185,-372.941,0.969035,0.981139,1.6755,1.13897,-406.239,-385.454,-383.012,-375.727,-369.382,-367.075,-365.383,-391.723,-380.568,-377.45,-370.348,-367.87,-366.548,-365.699,0.898452,0.928848,0.965904,0.973474,0.992088,0.990437,0.988843,0.943363,0.970628,0.952755,0.993739,0.988103,0.988331,0.99038,2.55706,2.58645,0.782748,0.913048,0.99344,0.99662,0.0160014,0.0172346,0.0311945,0.0286526,-3.38318,-3.36249,3.87209,3.91823,0.964593,0.980838,0.0253788,0.0254058,0.0494261,0.0372458,2.5649,2.59334,0.811313,0.92493,0.99454,0.996962,0.015981,0.0173036,0.0311841,0.0286942,-3.38727,-3.3628,3.89237,3.92203,0.970307,0.980943,0.02519,0.0253806,0.0493294,0.0372286,2.53733,2.55079,2.56159,2.58178,2.59283,2.60435,2.61593,2.54418,2.55854,2.56473,2.58498,2.59961,2.60432,2.61212,0.923012,0.99111,0.979731,0.936624,0.996962,0.941674,0.964789,0.997935,0.979731,0.99454,0.995816,0.996962,0.941674,0.996962,-3.50872,-3.45148,-3.433,-3.38511,-3.37011,-3.36666,-3.35737,-3.4534,-3.41425,-3.38733,-3.37201,-3.36249,-3.35978,-3.35202,0.87443,0.902909,0.940514,0.970496,0.985408,0.987198,0.989352,0.912599,0.952587,0.970307,0.986322,0.980838,0.981037,0.989874,1019.05,1019.58,1020.88,1.72121,1002.97,1011.48,1017.5,1019.69,1023.84,1025.78,1032.51,1015.98,1019.78,1024.12,1.67385,1009.95,1017.44,1019.2,1021.51,1026.42,1030.18,1041.16,1385.41,1386.56,1393.83,2.47405,1376.24,1381.5,1384.83,1388.44,1396.39,1404.01,1416.24,1393.86,1395.63,1401.31,2.55472,1380.65,1385.26,1387.02,1396.18,1409.55,1417.16,1427.88,1126.36,1102.1,1127.15,5.57707,1055.96,1088.15,1113.59,1136.18,1150.54,1155.88,1168.24,1108.83,1124.18,1125.6,4.79382,1065.86,1089.85,1100.51,1126.34,1146.47,1155.44,1167.15,1355.06,1362.39,1368.88,4.03551,1322.64,1353.57,1359.31,1371.81,1384.27,1389.18,1396.07,1360.07,1369.94,1370.32,4.19935,1329.38,1341.55,1354.48,1370.78,1384.4,1389.18,1398.98,-9999,-9999
2017,7.384,0.991895,6.214,1.807,0.995712,8.285,2.071,0.989247,7.528,6.02,1.892,8.701,2.223,7.383,0.991895,6.21,1.806,0.995712,8.286,2.074,0.989247,147.633,0.991895,152.07,147.101,0.991895,307.881,0.991895,308.825,307.993,0.991895,306.345,0.991324,308.184,306.431,0.991324,3.577,0.991895,3.439,3.562,0.991895,98.162,98.18,0.9875,1063.402,1063.402,0,2.669,2.767,0.976484,0.522107224,0.975171233,81.16826526,0.987614155,359.9862909,0.740239726,-9999,-9999,21.16427776,0.987557078,352.3774903,0.987614155,406.677,0.991724,8.58,10.135,10.187,9.986,9.899,9.529,0.992295,0.798174,0.798174,0.798174,0.798174,0.798174,7.911,9.942,11.698,10.828,7.76,8.154,0.910959,0.685445,0.685445,0.685445,0.685445,0.685445,-9999,-9999,30.7818,-9999,-9999,0.16854,28.9049,-9999,-9999,0.206708,-9999,-9999,22.9014,25.0767,-497.236,-491.747,0.97403,0.979509,5.06996,5.2556,8.46586,10.4153,-493.773,-491.013,0.97597,0.979566,5.11888,5.24975,8.49525,10.4123,-494.862,-490.656,0.967267,0.975745,1.23787,1.40662,-509.469,-502.207,-498.345,-495.042,-491.149,-488.648,-483.389,-508.477,-498.128,-497.133,-491.747,-486.227,-480.144,-476.575,0.946005,0.950514,0.977226,0.974829,0.979623,0.981393,0.984932,0.948345,0.976598,0.973459,0.979509,0.982991,0.985103,0.98613,2.41185,2.39405,0.690961,0.737798,0.985652,0.988353,0.0126855,0.0132147,0.0414307,0.034468,-3.81001,-3.77173,4.00812,4.02725,0.964761,0.972472,0.0228393,0.0236465,0.0674792,0.064392,2.4122,2.39164,0.701295,0.741975,0.985992,0.988353,0.0130256,0.0132023,0.0415361,0.0344632,-3.79405,-3.76816,4.01256,4.02632,0.967743,0.972586,0.0229578,0.0236191,0.0675194,0.0643819,2.37962,2.38097,2.38794,2.4069,2.44582,2.45985,2.50087,2.37742,2.38016,2.38317,2.39488,2.4129,2.44382,2.47586,0.986791,0.991071,0.989419,0.986163,0.983518,0.971786,0.965578,0.991177,0.986791,0.991071,0.992677,0.985652,0.972495,0.967642,-3.89565,-3.88054,-3.82593,-3.79758,-3.76889,-3.75355,-3.72395,-3.896,-3.82833,-3.80389,-3.77173,-3.73537,-3.70854,-3.70177,0.93504,0.924185,0.953851,0.967486,0.972696,0.976106,0.979243,0.936807,0.954128,0.960305,0.972472,0.978214,0.980205,0.98089,972.824,971.5,982.624,3.2584,964.598,965.998,967.177,974.508,987.285,1002.98,1030.04,986.331,990.459,991.855,3.94376,965.503,970.211,972.95,983.251,1005.65,1025.9,1035.42,1462.32,1462.51,1473.28,4.43058,1442.1,1446.33,1451.31,1468.25,1482.4,1499.88,1532.98,1483.38,1484.23,1486.72,4.89917,1443.86,1457.7,1464.11,1480.49,1503.87,1531.74,1535.78,1122.41,1125.27,1110.42,6.1956,1054.78,1079.92,1086.97,1106.24,1122.37,1129.03,1190.93,1092.19,1102.72,1121.99,7.324,1062.26,1076.93,1087.78,1118.17,1135.18,1164.41,1192.38,1515.76,1520.87,1526.38,5.3029,1492.53,1497.75,1501.64,1515.76,1538.81,1555.11,1583.19,1501.58,1518.79,1540.11,6.34003,1489.27,1501.58,1510.98,1524.77,1558.94,1583.48,1616.78,-9999,-9999
2018,6.992,0.998801,5.782,1.826,1,7.885,2.105,0.997032,6.993,5.355,2.025,8.206,2.269,6.991,0.998801,5.782,1.826,1,7.885,2.104,0.997032,156.477,0.998687,159.455,156.537,0.998687,302.803,0.998801,305.939,302.802,0.998801,301.602,0.998573,304.321,301.618,0.998573,4.05,0.998801,3.873,4.051,0.998801,98.383,98.42,0.98008,951.307,951.307,0,2.608,2.684,0.978881,0.505808564,0.977682648,82.56684324,0.997031963,553.4344324,0.503424658,-9999,-9999,24.49840545,0.994349315,351.4021778,0.996974886,409.56,0.998231,8.06,7.022,7.335,7.621,8.405,8.71,0.999144,0.164326,0.164326,0.164326,0.164326,0.164326,7.626,11.336,13.125,12.398,9.615,9.241,0.999886,0.164954,0.164954,0.164954,0.164954,0.164954,-9999,-9999,29.3521,-9999,-9999,0.168528,34.9308,-9999,-9999,0.211266,-9999,-9999,22.8959,25.0082,-431.631,-430.974,0.978253,0.986016,5.14531,5.40208,7.76773,7.55167,-435.026,-431.435,0.981564,0.986016,5.26436,5.40722,7.84709,7.55535,-428.409,-429.293,0.969325,0.975691,1.89999,1.33068,-437.968,-436.453,-434.532,-432.104,-429.219,-424.815,-406.731,-437.727,-435.481,-433.822,-431.73,-427.145,-424.927,-408.584,0.946404,0.983619,0.987785,0.986701,0.989783,0.990011,0.902797,0.957991,0.982591,0.99532,0.986358,0.992523,0.991781,0.904737,2.28651,2.31721,0.658317,0.700945,0.989399,0.996195,0.0124001,0.0132781,0.0332592,0.0348179,-3.37761,-3.39087,3.77872,3.81872,0.968533,0.97729,0.0234087,0.0244517,0.0314493,0.0297082,2.27263,2.31488,0.675608,0.703045,0.991732,0.996195,0.0126745,0.0132819,0.0333625,0.0348194,-3.38476,-3.39116,3.79651,3.81786,0.972558,0.97729,0.0239613,0.0244789,0.0318627,0.0297306,2.26671,2.27248,2.2903,2.31464,2.33261,2.3342,2.43959,2.26538,2.2696,2.28532,2.31072,2.32933,2.33397,2.40614,0.993611,0.999353,0.993736,0.996195,0.99836,0.998047,0.89175,0.991155,0.999353,0.999216,0.996195,0.99836,0.99836,0.877942,-3.43585,-3.41285,-3.39808,-3.38771,-3.37524,-3.37084,-3.3646,-3.43129,-3.40172,-3.39547,-3.38653,-3.37222,-3.36797,-3.3653,0.926049,0.952524,0.960945,0.910161,0.982643,0.987812,0.98685,0.923333,0.955773,0.97826,0.976664,0.983105,0.987641,0.987168,884.077,881.668,897.106,4.39838,874.084,876.733,881.765,886.365,897.496,902.071,960.933,883.217,877.305,900.189,5.02604,874.065,876.854,883.11,887.018,899.375,917.747,972.934,1317.61,1313.1,1326.4,3.40368,1309.13,1311.29,1313.71,1319.39,1326.05,1329.8,1368.59,1313.52,1312.33,1328.6,3.57187,1309.12,1311.06,1313.55,1320.78,1326.75,1355.72,1370.78,1111.91,1130.24,1123.03,5.78031,1065.73,1091.78,1098.18,1113.1,1135.63,1150.97,1175.96,1120.32,1136.47,1138.47,9.59435,1061.35,1093.16,1108.96,1126.52,1154.98,1172.04,1239.44,1450.8,1449.56,1445.8,3.55652,1417.21,1431.09,1434.04,1441.63,1454.31,1461.17,1464.56,1443.81,1460.6,1454.03,5.67998,1419.45,1429.04,1435.69,1445.84,1463.87,1468.76,1531.53,-9999,-9999
2019,6.023,0.989098,4.823,1.754,0.990607,6.926,2.078,0.987953,6.197,4.614,1.93,7.4,2.167,6.036,0.989098,4.826,1.756,0.990607,6.947,2.072,0.987953,147.621,0.988071,151.651,148.617,0.988071,301.727,0.989098,304.501,301.638,0.989098,297.773,0.987842,302.397,297.784,0.987842,3.443,0.989098,3.371,3.453,0.989098,98.243,98.25,0.986758,1196.426,1196.426,0,2.676,2.771,0.965696,0.520150206,0.961187215,79.76768806,0.986586758,NA,-9999,-9999,-9999,23.12376714,0.986415525,346.5884306,0.986643836,412.308,0.988756,7.494,7.623,7.748,7.527,7.527,7.396,0.98984,1,1,1,1,0.890297,7.801,12.044,12.606,11.607,9.445,8.711,0.990411,1,1,1,1,0.939098,-9999,-9999,28.5322,-9999,-9999,0.158402,31.6524,-9999,-9999,0.205704,-9999,-9999,22.9178,25.0658,-448.748,-446.944,0.971119,0.970548,4.9125,4.89604,11.2614,13.7623,-452.835,-449.027,0.973916,0.970947,4.94182,4.91111,11.2742,13.7676,-446.068,-444.397,0.965288,0.959004,1.42237,1.64132,-454.895,-454.221,-452.359,-448.684,-446.461,-433.954,-428.523,-455.091,-454.458,-451.525,-447.563,-444.545,-428.735,-424.051,0.975799,0.977454,0.978139,0.981963,0.965868,0.906507,0.926199,0.975628,0.976769,0.977797,0.959646,0.832192,0.882363,0.949829,2.31598,2.3249,0.582196,0.577659,0.983096,0.982668,0.0123408,0.0122283,0.0521281,0.0539016,-3.48913,-3.48637,3.70283,3.69627,0.962362,0.961616,0.0221167,0.0220764,0.0398086,0.0402544,2.29883,2.31544,0.587676,0.579729,0.986092,0.98299,0.0125196,0.0122973,0.0521707,0.0539173,-3.49519,-3.49,3.71334,3.70275,0.96476,0.962119,0.0221985,0.022129,0.0398542,0.0402833,2.22388,2.26116,2.27017,2.29466,2.33916,2.36245,2.38941,2.22762,2.26019,2.27594,2.3084,2.3449,2.36518,2.39615,0.989573,0.989216,0.989216,0.986092,0.976963,0.974338,0.966049,0.989573,0.989216,0.988873,0.925597,0.976963,0.975169,0.964053,-3.50541,-3.49808,-3.49403,-3.48793,-3.44107,-3.43188,-3.42427,-3.50583,-3.49815,-3.49375,-3.4861,-3.44129,-3.43083,-3.42292,0.9502,0.967429,0.967997,0.969088,0.973736,0.93321,0.913492,0.9502,0.966236,0.963847,0.959327,0.891221,0.937149,0.97778,909.67,909.258,902.984,2.33578,876.595,885.87,894.33,904.319,909.812,911.957,923.04,912.325,904.863,900.69,2.0898,876.104,883.91,886.735,904.126,909.643,910.543,919.104,1359.49,1358.29,1347.38,2.26541,1325.52,1329.98,1334.69,1350.1,1357.94,1359.79,1364.6,1358.72,1357.7,1346.76,2.06117,1324.58,1330.71,1334.67,1351.55,1358.18,1359.61,1361.02,1096.55,1087.35,1063.87,6.24275,971.522,1010.15,1045.22,1069.46,1088.16,1094.36,1107.27,1094.39,1095.98,1069.66,4.65336,1004.87,1035.05,1052.23,1080.31,1090.51,1094.32,1103.66,1444.55,1460.35,1442.67,4.89456,1371.11,1406.22,1420.99,1448.35,1464.32,1467.73,1477.62,1467.74,1472.04,1447.27,3.78257,1399.18,1420.13,1430.08,1456.37,1463.66,1467.74,1476.83,-9999,-9999
2020,7.609,0.985656,6.472,1.817,0.998816,8.443,2.003,0.975322,7.775,6.198,1.974,8.941,2.144,7.61,0.985656,6.472,1.818,0.998816,8.445,2.008,0.975322,151.395,0.986339,155.702,151.462,0.986339,305.961,0.985713,307.201,305.986,0.985713,305.844,0.985314,306.011,305.63,0.985314,3.923,0.985656,3.816,3.91,0.985656,98.243,98.278,0.969319,960.225,960.225,0,2.671,2.793,0.955829,0.534875063,0.95042122,79.18529373,0.975295993,525.4672421,0.51257969,-9999,-9999,22.68473786,0.974669854,353.1028385,0.975352914,414.947,0.994649,8.064,8.152,8.274,8.043,8.013,7.803,0.994991,0.996585,0.996585,0.996585,0.996585,0.944957,8.3,12.513,12.608,12.313,9.772,8.993,0.995674,0.996585,0.996585,0.996585,0.996585,0.945241,-9999,-9999,31.8034,-9999,-9999,0.224565,29.5978,-9999,-9999,0.341082,-9999,-9999,22.9153,24.7322,-505.056,-501.628,0.967612,0.968067,7.04951,7.0442,39.7209,46.1011,-494.484,-498.244,0.971198,0.968579,7.15438,7.14474,39.7396,46.1166,-500.882,-505.494,0.964064,0.960754,5.43019,6.42206,-574.425,-547.539,-519.555,-498.188,-473.4,-469.359,-462.624,-575.037,-560.329,-528.617,-501.628,-473.141,-469.209,-464.039,0.911771,0.947974,0.956626,0.968579,0.976207,0.980647,0.984005,0.910121,0.931751,0.953097,0.968067,0.976321,0.979565,0.983607,2.4273,2.42052,0.870566,0.869128,0.978818,0.978988,0.0184609,0.0183718,0.0439352,0.0510062,-3.80232,-3.78327,3.74,3.73801,0.958896,0.959541,0.0313993,0.0314147,0.211575,0.248752,2.44992,2.42641,0.894661,0.875687,0.983057,0.978988,0.0187486,0.0186378,0.0440569,0.0511026,-3.77093,-3.77234,3.74751,3.73871,0.962319,0.960498,0.0318622,0.0318612,0.211645,0.248809,2.36294,2.40957,2.42064,2.4511,2.4796,2.48931,2.54714,2.32888,2.40439,2.41526,2.45357,2.47872,2.49955,2.54978,0.995038,0.978538,0.978988,0.978584,0.988197,0.972321,0.95589,0.995961,0.99281,0.978367,0.988197,0.977358,0.959187,0.944197,-4.16541,-4.05117,-3.90548,-3.77201,-3.66779,-3.6327,-3.58826,-4.21888,-4.12201,-3.93209,-3.78327,-3.66731,-3.62849,-3.58876,0.884808,0.924616,0.944635,0.960498,0.967712,0.97236,0.977346,0.861736,0.90163,0.939869,0.959541,0.967712,0.972449,0.977118,1010.62,999.655,1003.61,4.56497,944.898,987.069,990.314,1003,1019.23,1031.62,1038.97,999.234,1010.56,1006.14,3.49932,961.962,988.727,993.728,1003.86,1017.81,1023.82,1041.98,1505.61,1497.9,1509.11,8.62193,1426.76,1452.54,1465.03,1505.05,1540.45,1585.73,1599.3,1508.01,1505.05,1507.03,8.532,1421.81,1455.97,1467.26,1500.15,1539.36,1585.95,1600.33,857.479,872.189,848.57,15.5205,737.461,766.966,776.053,840.718,875.81,900.079,992.966,841.29,850.829,847.03,10.735,736.173,772.885,793.303,842.02,869.478,896.583,970.869,1313.94,1346,1327.44,11.0307,1229.26,1261.79,1277.87,1312.31,1350.86,1388.23,1454.46,1320.39,1350.71,1326.63,9.05579,1233.64,1263.71,1289.23,1320.39,1354.5,1377.87,1432.17,-9999,-9999
2021,8.333,0.985103,7.082,1.701,0.991487,9.303,2.065,0.9792,8.353,6.683,1.806,9.654,2.252,8.335,0.985103,7.083,1.695,0.991487,9.313,2.066,0.9792,151.997,0.983733,156.14,151.748,0.983733,308.692,0.985103,310.364,308.834,0.985103,312.185,0.983105,310.244,312.173,0.983105,3.89,0.985103,3.942,3.881,0.985103,98.259,98.295,0.979795,845.934,845.934,0,2.559,2.636,0.967295,0.492872549,0.962100457,80.28279669,0.978025114,536.2044097,0.517751142,-9999,-9999,22.46638179,0.977568493,356.8415422,0.978025114,417.523,0.994692,8.81,8.921,9.061,8.839,8.816,8.662,0.993779,0.996689,0.996689,0.996689,0.996689,0.996689,8.408,12.211,12.424,12.182,9.789,9.434,0.994635,0.997317,0.997317,0.997317,0.997317,0.997317,-9999,-9999,33.9305,-9999,-9999,0.17637,25.986,-9999,-9999,0.198636,-9999,-9999,22.9096,24.7068,-536.273,-535.369,0.955936,0.955822,6.16183,6.17512,11.5009,9.90164,-538.064,-536.858,0.959874,0.955993,6.13679,6.16461,11.4875,9.89509,-544.116,-543.282,0.948001,0.939695,1.74315,1.80968,-572.354,-554.217,-545.719,-542.754,-536.676,-534.795,-533.758,-573.96,-549.407,-545.12,-542.2,-535.369,-533.926,-532.154,0.873345,0.857991,0.970091,0.933333,0.930765,0.942523,0.947374,0.882192,0.923002,0.973916,0.985103,0.955822,0.93984,0.948459,2.68149,2.68462,0.728914,0.729105,0.968426,0.968426,0.0146599,0.0146497,0.0751909,0.0772325,-4.13928,-4.13828,4.34661,4.34703,0.94375,0.943563,0.0282683,0.028348,0.0664001,0.06015,2.6715,2.68149,0.748438,0.730011,0.969801,0.968426,0.0149857,0.0146626,0.0752551,0.077235,-4.14168,-4.14144,4.33847,4.34744,0.949529,0.943844,0.027963,0.0282839,0.0662707,0.0601198,2.52866,2.56165,2.58894,2.6471,2.69186,2.70915,2.72751,2.52564,2.56008,2.5702,2.65973,2.69854,2.71174,2.72424,0.991243,0.985865,0.984096,0.969942,0.968919,0.945252,0.81299,0.991243,0.986338,0.984096,0.852811,0.947545,0.953635,0.957227,-4.29889,-4.21253,-4.16321,-4.14046,-4.12617,-4.09236,-4.07357,-4.29463,-4.19358,-4.17006,-4.14023,-4.11513,-4.08747,-4.07239,0.894853,0.843719,0.928547,0.948111,0.95826,0.969529,0.97657,0.894874,0.836682,0.730597,0.937798,0.96454,0.971863,0.977021,1061.12,1056.9,1051.38,5.49116,1005.14,1009.76,1021.11,1049.41,1078.17,1083.09,1119.33,1060.76,1056.32,1053.42,5.77059,1002.9,1016.41,1025.88,1055.03,1078.17,1083.86,1121.62,1594.97,1593.76,1594.66,6.07885,1547.34,1549.92,1565.58,1593.16,1612.09,1615.37,1668.74,1594.62,1594.38,1597.54,6.50978,1544.64,1559.81,1571.9,1593.43,1614.49,1629.56,1685.62,1038.79,1046.06,1035.52,8.27755,954.971,989.043,1000.42,1042.63,1069.22,1080.6,1110.66,1071.7,1025.56,1051.99,8.51523,958.697,999.144,1015.73,1050.1,1080.65,1089.23,1122.28,1555.86,1575.66,1535.93,5.79591,1454.77,1498.26,1510.42,1545.2,1558.72,1569.23,1575.46,1577.51,1552.71,1547.84,4.35821,1489.05,1514.85,1533.63,1552.24,1565.19,1573.18,1579.83,-9999,-9999